0001,-,KRONA TUBOS E CONEXOES LTDA,P敬.:,   1
Cargo Reduzido
,Estrutura do Cargo
0002,-,Krona
C祚igo,Cargo,CBO,CBO 2002,Est.,Sistema,Pontos,Classe/N仰el Inicial,Classe/N仰el Final
04020,SUPERVISOR DE EXPEDICAO,,414135,,06,,,,,,,
04021,SUPERVISOR DE MANUTENCAO,,950305,,06,,,,,,,
05021,VENDEDOR PL,,354145,,04,,,,,,,
05107,EXECUTIVO DE VENDAS,,354145,,04,,,,,,,
1,NAO SE APLICA,,,,04,,,,,,,
1000001,OPERADOR INJETORA I,,811770,0,04,0,,/,,,/,
1000002,OPERADOR MAQUINA I,,811770,,04,,,,,,,
1000003,CONF. DE EXPEDICAO,,414210,,04,,,,,,,
1000004,AUXILIAR DE PRODUCAO,,784205,,04,,,,,,,
1000005,MEC.MANUT.GERAL,,811770,,04,,,,,,,
1000006,OPERADOR EXTRUSORA I,,811770,0,04,0,,/,,,/,
1000007,PREPARADOR DE MATERIA PRIMA I,,811745,,04,,,,,,,
1000008,AUXILIAR DE PRODUCAO III,,784205,,04,,,,,,,
1000009,ZELADORA,,514120,,04,,,,,,,
1000010,PROJETISTA I,,318610,,04,,,,,,,
1000011,SUP. DE EXPEDICAO,,414105,,06,,,,,,,
1000012,ANALISTA QUALIDADE PL,,391210,,04,,,,,,,
1000013,FERRAMENTEIRO I,,721105,0,04,0,,/,,,/,
1000014,AUXILIAR DE VENDAS,,411005,,04,,,,,,,
1000015,OP MAQ INJETORA,,811770,,04,,,,,,,
1000016,COORDENADOR DE EXPEDICAO,,342305,,02,,,,,,,
1000017,SUPER. ALMOXARIFADO,,410205,,06,,,,,,,
1000018,AUXILIAR DE ALMOXARIFADO,,414105,,04,,,,,,,
1000019,AUXILIAR ADMINISTRATIVO,,411005,,04,,,,,,,
1000020,TECNICO A  PLASTICO,,311410,,04,,,,,,,
1000021,COORDENADOR DE TI,,142505,,02,,,,,,,
1000022,SOCIO GERENTE,,122205,,05,,,,,,,
1000023,ANALISTA COMERCIAL PL,,520110,0,04,0,,/,,,/,
1000024,ANALISTA FINANCEIRO JR,,413110,0,04,0,,/,,,/,
1000025,ANALISTA DE CREDITO E COBRANCA,,413110,,04,,,,,,,
1000026,OPERADOR MAQUINA II,,811770,0,04,0,,/,,,/,
1000027,ANALISTA SISTEMAS JR,,212405,4,04,0,016,/,,016,/,
1000028,ANALISTA CONTABIL JR,,252210,0,04,0,,/,,,/,
1000029,COORDENADOR DE FERRAMENTARIA,,720115,0,02,0,,/,,,/,
1000030,COORDENADOR QUALIDADE,,391210,0,02,0,,/,,,/,
1000031,INSPETOR DA QUALIDADE,,391210,0,04,0,,/,,,/,
1000032,LIDER DE PRODUCAO,,141205,0,04,0,,/,,,/,
1000033,COORDENADOR PRODUCAO,,141205,0,02,0,,/,,,/,
1000034,AUXILIAR DE EXPEDICAO,,391125,,04,,,,,,,
1000035,ANALISTA DE CREDITO E COBRANCA,,413110,,04,,,,,,,
1000036,ANALISTA COMERCIAL SR,,520110,0,04,0,,/,,,/,
1000037,COMPRADOR JR,,354205,0,04,0,,/,,,/,
1000038,COORDENADOR DE RH,,142210,,02,,,,,,,
1000039,TECNICO SEGURANCA TRABALHO II,,351605,0,04,0,,/,,,/,
1000040,AUXILIAR DE SERVICOS GERAIS,,514225,,04,,,,,,,
1000041,COORDENADOR CAD CREDITO E COBR,,410225,,02,,,,,,,
1000042,PREPARADOR DE PEDIDOS,,414110,,04,,,,,,,
1000043,TORNEIRO FERRAMENTEIRO I,,721215,,04,,,,,,,
1000044,ANALISTA COMERCIAL JR,,520110,0,04,0,,/,,,/,
1000045,FATURISTA,,413115,0,04,0,,/,,,/,
1000046,ELETRICISTA ELETROELETRONICO,,951105,,04,,,,,,,
1000047,COORDENADOR DE COMPRAS,,354210,,02,,,,,,,
1000048,AUXILIAR FERRAMENTARIA,,721105,0,04,0,,/,,,/,
1000049,PREPARADOR MAQUINA,,811770,0,04,0,,/,,,/,
1000050,INSTRUTOR TECNICO COMERCIAL,,354120,,04,,,,,,,
1000051,PREPARADOR DE MAQUINA I,,811770,,04,,,,,,,
1000052,COORDENADOR COMERCIAL,,142305,,02,,,,,,,
1000053,ANALISTA DE SUPORTE DE REDE JR,,212310,,04,,,,,,,
1000054,AUXILIAR DE ELETRICISTA,,715615,,04,,,,,,,
1000055,EXPEDIDOR I,,414215,,04,,,,,,,
1000056,TORNEIRO FERRAMENTEIRO,,721215,,04,,,,,,,
1000057,ABASTECEDOR,,414110,,04,,,,,,,
1000058,ASSISTENTE DE RECURSOS HUMANOS,,411010,0,04,0,,/,,,/,
1000059,ALMOXARIFE,,414105,,04,,,,,,,
  FPTA001.CAD  -  19/10/2025  -  11:00:10                                                KRONA TUBOS E CONEXOES LTDA                                                 Usu痙io: amanda.correa
0001,-,KRONA TUBOS E CONEXOES LTDA,P敬.:,   2
Cargo Reduzido
,Estrutura do Cargo
1000060,ANALISTA LOGISTICA JR,,342305,0,04,0,,/,,,/,
1000061,ANALISTA LOGISTICA PL,,342305,0,04,0,,/,,,/,
1000062,ANALISTA DE TRANSPORTES JR,,342310,,04,,,,,,,
1000063,AUXILIAR ADMINISTRATIVO II,,521110,,04,,,,,,,
1000064,EXPEDIDOR II,,414215,,04,,,,,,,
1000065,EXPEDIDOR III,,782220,,04,,,,,,,
1000066,LIDER DE EXPEDICAO,,414215,0,04,0,,/,,,/,
1000067,ANALISTA DE CREDITO E COBRANCA,,413110,,04,,,,,,,
1000068,AUXILIAR CREDITO E COBRANCA,,413110,,04,,,,,,,
1000069,ANALISTA CONTABIL PL,,252210,,04,,,,,,,
1000070,ANALISTA CONTABIL SR,,252210,,04,,,,,,,
1000071,ANALISTA ESCRITA FISCAL JR,,252210,,04,,,,,,,
1000072,ANALISTA ESCRITA FISCAL PL,,252210,,04,,,,,,,
1000073,AUXILIAR CONTABIL,,413110,,04,,,,,,,
1000074,COORDENADOR CONTABIL,,252210,,02,,,,,,,
1000075,ANALISTA FINANCEIRO PL,,413110,0,04,0,,/,,,/,
1000076,COORDENADOR FINANCEIRO,,410235,0,02,0,,/,,,/,
1000077,ASSISTENTE FINANCEIRO,,413110,0,04,0,,/,,,/,
1000078,ANALISTA SISTEMAS PL,,212405,0,04,0,,/,,,/,
1000079,ANALISTA SISTEMAS SR,,212405,0,04,0,,/,,,/,
100008,ESTAGIARIO LEAN,,,,05,,,,,,,
1000080,ANALISTA INFRAESTRUTURA JR,,212420,0,04,0,,/,,,/,
1000081,ANALISTA INFRAESTRUTURA PL,,212420,0,04,0,,/,,,/,
1000082,ANALISTA INFRAESTRUTURA SR,,212420,0,04,0,,/,,,/,
1000083,AUXILIAR DE CONFORMACAO,,811745,,04,,,,,,,
1000084,AUXILIAR DE EXTRUSORA,,811745,,04,,,,,,,
1000085,COORDENADOR DE EXTRUSAO,,141205,0,02,0,,/,,,/,
1000086,LIDER DE EXTRUSAO,,811745,0,04,0,,/,,,/,
1000087,OPERADOR DE EXTRUSORA I,,811745,,04,,,,,,,
1000088,PREPARADOR DE MATERIA PRIMA II,,811745,,04,,,,,,,
1000089,COORDENADOR DE INJECAO,,141205,0,02,0,,/,,,/,
100009,APRENDIZ,39310,411005,,04,,,,,,,
1000090,LIDER DE INJECAO,,811770,,04,,,,,,,
1000091,MONTADOR DE REGISTRO,,811770,,04,,,,,,,
1000092,OPERADOR DE GRANULADEIRA,,811745,,04,,,,,,,
1000093,OPERADOR INJETORA II,,811770,0,04,0,,/,,,/,
1000094,OPERADOR INJETORA III,,811770,0,04,0,,/,,,/,
1000095,AUXILIAR DE PRODUCAO   INJECAO,,811770,,04,,,,,,,
1000096,AUXILIAR DA MANUTENCAO MECANIC,,911305,,04,,,,,,,
1000097,COORDENADOR INDUSTRIAL,,142705,,02,,,,,,,
1000098,COORDENADOR MANUTENCAO,,950305,0,02,0,,/,,,/,
1000099,ELETRICISTA MANUTENCAO I,,951105,0,04,0,,/,,,/,
1000100,ELETRICISTA MANUTENCAO II,,951105,0,04,0,,/,,,/,
1000101,ELETRICISTA MANUTENCAO III,,951105,0,04,0,,/,,,/,
1000102,ELETRICISTA INSTALADOR,,715615,,04,,,,,,,
1000103,FERRAMENTEIRO II,,721105,0,04,0,,/,,,/,
1000104,FERRAMENTEIRO III,,721105,0,04,0,,/,,,/,
1000105,FRESADOR MECANICO I   CONVENCI,,721215,,04,,,,,,,
1000106,FRESADOR MECANICO II   CONVENC,,721215,,04,,,,,,,
1000107,FRESADOR MECANICO III   CONVEN,,721215,,04,,,,,,,
1000108,MECANICO MANUTENCAO I,,911305,0,04,0,,/,,,/,
1000109,MECANICO MANUTENCAO II,,911305,0,04,0,,/,,,/,
1000110,MECANICO MANUTENCAO III,,911305,0,04,0,,/,,,/,
1000111,TECNICO DE PROCESSOS INDUSTRIA,,318005,,04,,,,,,,
1000112,TORNEIRO FERRAMENTEIRO II,,721215,,04,,,,,,,
1000113,TORNEIRO FERRAMENTEIRO III,,721215,,04,,,,,,,
1000114,SUPERVISOR REGIONAL DE VENDAS,,520110,,06,,,,,,,
1000115,ANALISTA DE PLANEJAMENTO ECON.,,252105,0,04,0,,/,,,/,
1000116,TEC PROJETOS IND.,,314110,,04,,,,,,,
1000117,LUBRIFICADOR,,919105,,04,,,,,,,
1000118,ANALISTA DE RECURSOS HUMANOS,,413105,,04,,,,,,,
1000119,MOTORISTA,,782510,,04,,,,,,,
1000120,TROCADOR DE MOLDES,,811770,,04,,,,,,,
1000121,LIDER DE MONTAGEM,,811745,,04,,,,,,,
1000122,AUXILIAR DE PRODUCAO ACE,,811770,,04,,,,,,,
1000123,MONTADOR DE ACESSORIOS I,,811745,,04,,,,,,,
  FPTA001.CAD  -  19/10/2025  -  11:00:10                                                KRONA TUBOS E CONEXOES LTDA                                                 Usu痙io: amanda.correa
0001,-,KRONA TUBOS E CONEXOES LTDA,P敬.:,   3
Cargo Reduzido
,Estrutura do Cargo
1000124,MONTADOR DE ACESSORIOS II,,811745,,04,,,,,,,
1000125,DESENHISTA PROJETISTA,,318610,,04,,,,,,,
1000126,OPERADOR MAQUINA CNC I,,721430,,04,,,,,,,
1000127,TECNICO ELETROELETRONICO,,313210,,04,,,,,,,
1000128,PROGRAMADOR DE PCP I,,391125,,04,,,,,,,
1000129,CONSULTOR DE INFORMATICA,,212405,,04,,,,,,,
1000130,ANALISTA MARKETING JR,,253125,,04,,,,,,,
1000131,RECEPCIONISTA TELEFONISTA,,422205,,04,,,,,,,
1000132,ENG. PROMOCAO E ASS. TECNICA,,354130,,04,,,,,,,
1000133,ASSISTENTE DE COMPRAS I,,411005,,04,,,,,,,
1000134,ANALISTA DE TRANSPORTES SR,,342310,,04,,,,,,,
1000135,ANALISTA DE TRANSPORTES PL,,342310,,04,,,,,,,
1000136,ANALISTA MARKETING PL,,253125,,04,,,,,,,
1000137,ANALISTA MARKETING SR,,253125,,04,,,,,,,
1000138,COMPRADOR PL,,354205,,04,,,,,,,
1000139,COMPRADOR SR,,354205,,04,,,,,,,
1000140,CONTROLADOR ESTOQUE,,414215,,04,,,,,,,
1000141,TECNICO DE SUPORTE,,212420,,04,,,,,,,
1000142,PLANEJADOR MANUTENCAO I,,391130,,04,,,,,,,
1000143,ANALISTA DE RECURSOS FINANCEIR,,413110,,04,,,,,,,
1000144,LIDER DE FERRAMENTARIA,,721105,,04,,,,,,,
1000145,COORDENADOR DE MATERIA PRIMA,,141205,,02,,,,,,,
1000146,TECNICO CONTROLE DE QUALIDADE,,391210,,04,,,,,,,
1000147,ANALISTA COMERCIAL TRAINEE,,520110,,04,,,,,,,
1000149,AUX DE MANUTENCAO ELETRICA,,951105,,04,,,,,,,
1000150,ASSISTENTE MARKETING,,253120,,04,,,,,,,
1000151,ASSISTENTE COMERCIAL I,,521110,,04,,,,,,,
1000152,ASSISTENTE LOGISTICA,,342110,,04,,,,,,,
1000153,AUXILIAR DE PRODUCAO,,784205,,04,,,,,,,
1000154,AUXILIAR DE PRODUCAO,,784205,,04,,,,,,,
1000155,AUXILIAR DE PRODUCAO,,784205,,04,,,,,,,
1000156,PREPARADOR DE MAQUINA II,,811770,,04,,,,,,,
1000157,ALMOXARIFE I,,414105,5,04,0,C4,/,,C4,/,
1000158,ALMOXARIFE II,,414105,,04,,,,,,,
1000159,LIDER DE PRODUCAO,,811745,,04,,,,,,,
1000160,PREPARADOR MATERIA PRIMA II,,811745,,04,,,,,,,
1000161,PREPARADOR DE MATERIA PRIMA II,,811745,,04,,,,,,,
1000162,DESENHISTA PROJETISTA I,,318610,,04,,,,,,,
1000163,DESENHISTA PROJETISTA II,,318610,,04,,,,,,,
1000164,DESENHISTA PROJETISTA III,,318610,,04,,,,,,,
1000165,OPERADOR MAQUINA CNC II,,721430,,04,,,,,,,
1000166,PROGRAMADOR DE PCP II,,391125,,04,,,,,,,
1000167,ASSISTENTE DE COMPRAS II,,411005,,04,,,,,,,
1000168,PLANEJADOR MANUTENCAO II,,391130,,04,,,,,,,
1000169,ASSISTENTE FINANCEIRO I,,413110,,04,,,,,,,
1000170,ASSISTENTE FINANCEIRO II,,413110,,04,,,,,,,
1000171,ANALISTA DE RECURSOS HUMANOS J,,413105,,04,,,,,,,
1000172,ANALISTA DE RECURSOS HUMANOS P,,413105,,04,,,,,,,
1000173,ANALISTA DE RECURSOS HUMANOS S,,413105,,04,,,,,,,
1000174,ANALISTA ESCRITA FISCAL SR,,252210,,04,,,,,,,
1000175,ANALISTA FINANCEIRO SR,,413110,,04,,,,,,,
1000176,ASSISTENTE ESCRITA FISCAL I,,413110,,04,,,,,,,
1000177,ASSISTENTE CREDITO E COBRANCA,,413110,,04,,,,,,,
1000178,PREPARADOR MATERIA PRIMA I,,811745,,04,,,,,,,
1000179,ASSISTENTE ADMINISTRATIVO,,411005,,04,,,,,,,
1000180,PREPARADOR DE MAQUINA I,,811770,,04,,,,,,,
1000181,DESENHISTA,,318610,,04,,,,,,,
1000182,ASSISTENTE COMERCIAL II,,521110,,04,,,,,,,
1000183,COORDENADOR ENG. DE FABRICA,,314110,,02,,,,,,,
1000184,ANALISTA DE EXPORTACAO,,354305,,04,,,,,,,
1000185,ASSISTENTE DE EXPORTACAO,,354305,,04,,,,,,,
1000186,TECNICO PROJETOS IND I,,314110,,04,,,,,,,
1000187,TECNICO PROJETOS IND II,,314110,,04,,,,,,,
1000188,TECNICO PROJETOS IND III,,314110,,04,,,,,,,
1000189,ANALISTA DE COBRANCA JR,,410225,,04,,,,,,,
1000190,TECNICO SEGURANCA TRABALHO I,,351605,,04,,,,,,,
  FPTA001.CAD  -  19/10/2025  -  11:00:10                                                KRONA TUBOS E CONEXOES LTDA                                                 Usu痙io: amanda.correa
0001,-,KRONA TUBOS E CONEXOES LTDA,P敬.:,   4
Cargo Reduzido
,Estrutura do Cargo
1000191,ASSISTENTE DE CADASTRO,,413110,,04,,,,,,,
1000192,ASSISTENTE TEC INFORMACAO,,212420,,04,,,,,,,
1000193,ANALISTA DE COBRANCA PL,,410225,,04,,,,,,,
1000194,ANALISTA DE COBRANCA SR,,410225,,04,,,,,,,
1000195,ANALISTA DE CR텏ITO JR,,410225,,04,,,,,,,
1000196,ANALISTA DE CR텏ITO PL,,410225,,04,,,,,,,
1000197,ANALISTA DE CREDITO SR,,410225,,04,,,,,,,
1000198,ESPECIALISTA EM PROJETOS,,314110,,03,,,,,,,
1000199,COORDENADOR DE VENDAS,,142305,,02,,,,,,,
1000200,MANUTENCISTA,,514225,,04,,,,,,,
1000201,PREPARADOR DE MATERIA PRIMA II,,811745,,04,,,,,,,
1000202,OPERADOR EMPILHADEIRA,,782220,,04,,,,,,,
1000203,ANALISTA RECURSOS FINANCEIROS,,413110,,04,,,,,,,
1000204,ASSISTENTE DE RH II,,411010,,04,,,,,,,
1000205,PREPARADOR MATERIA PRIMA I,,811745,,04,,,,,,,
1000206,COORDENADOR CREDITO E COBRANCA,,410225,,02,,,,,,,
1000207,GERENTE CONTROLADORIA,,252210,,01,,,,,,,
1000208,GERENTE FINANCEIRO,,142105,,01,,,,,,,
1000209,GERENTE TIC,,142505,,01,,,,,,,
1000210,COORDENADOR MARKETING,,142315,,02,,,,,,,
1000211,GERENTE ADM VENDAS,,142320,,01,,,,,,,
1000212,GERENTE PRODUCAO,,141205,,01,,,,,,,
1000213,COORDENADOR MANUT E FERRAMENT,,720115,,02,,,,,,,
1000214,LIDER DE MANUTENCAO,,950305,,04,,,,,,,
1000215,GERENTE DE PROCESSOS E PRODUTO,,142305,,01,,,,,,,
1000216,COORDENADOR EXPORTACAO,,142320,,02,,,,,,,
1000217,TECNICO PROC INDUSTRIAIS I,,311410,,04,,,,,,,
1000218,TECNICO PROC INDUSTRIAIS II,,311410,,04,,,,,,,
1000219,TECNICO PROC INDUSTRIAIS III,,311410,,04,,,,,,,
1000220,ANALISTA DE CUSTOS JR,,413110,,04,,,,,,,
1000222,LIMPADOR FILTRO,,811745,,04,,,,,,,
1000223,ENGENHEIRO DE PROJETOS,,214355,,04,,,,,,,
1000224,COORDENADOR TEC INFORMACAO,,142505,,02,,,,,,,
1000225,COORDENADOR DE DESENVOLVIMENTO,,142505,,02,,,,,,,
1000226,LIDER DE ALMOXARIFADO,,410205,,04,,,,,,,
1000227,GERENTE DE SUPRIMENTOS,,142410,,01,,,,,,,
1000228,OPERADOR EXTRUSORA II,,811745,,04,,,,,,,
1000229,APRENDIZ,39310,411005,,04,,,,,,,
1000230,ASSISTENTE DE FATURAMENTO,,413115,,04,,,,,,,
1000231,GERENTE MARKETING,,142315,,01,,,,,,,
1000232,GERENTE REG VENDAS MULTIMARCAS,,142320,,01,,,,,,,
1000233,COMPOSITOR PEDIDO,,414110,,04,,,,,,,
1000234,APRENDIZ EXTRUS츒,,411005,,04,,,,,,,
1000235,APRENDIZ RH,,411010,,04,,,,,,,
1000236,APRENDIZ INJE츒 PROCESSOS,,811770,,04,,,,,,,
1000237,APRENDIZ FERRAMENTARIA,,411005,,04,,,,,,,
1000238,APRENDIZ QUALIDADE,,411005,,04,,,,,,,
1000239,APRENDIZ COMPRAS ALMOXARIFADO,,411005,,04,,,,,,,
1000240,OPERADOR FACILITADOR,,811770,,04,,,,,,,
1000241,ASSISTENTE CONTABIL,,413110,,04,,,,,,,
1000242,FRESADOR CNC I,,721410,,04,,,,,,,
1000243,FRESADOR CNC II,,721410,,04,,,,,,,
1000244,FRESADOR CNC III,,721410,,04,,,,,,,
1000245,ASSISTENTE ADMINISTRATIVO,,314110,,04,,,,,,,
1000246,GERENTE GERAL DE UNIDADE,,,,01,,,,,,,
1000247,OPERADOR DE EMPILHADEIRA,,782220,,04,,,,,,,
1000248,APRENDIZ CONTROLADORIA,,411005,,04,,,,,,,
1000249,DESENHISTA PROJETISTA II,,318610,,04,,,,,,,
1000250,APRENDIZ SEG DO TRABALHO,,411005,,04,,,,,,,
1000251,APRENDIZ TI,,411005,,04,,,,,,,
10002515,PSICOLOGA,,221205,,04,,,,,,,
1000252,APRENDIZ COMERCIAL,,411005,,04,,,,,,,
1000253,APRENDIZ MKT,,411005,,04,,,,,,,
1000254,APRENDIZ MANUTEN츒,,411005,,04,,,,,,,
1000255,COORDENADOR DE INJECAO,,,,02,,,,,,,
1000256,OPERADOR DE EMPILHADEIRA,,782220,,04,,,,,,,
  FPTA001.CAD  -  19/10/2025  -  11:00:11                                                KRONA TUBOS E CONEXOES LTDA                                                 Usu痙io: amanda.correa
0001,-,KRONA TUBOS E CONEXOES LTDA,P敬.:,   5
Cargo Reduzido
,Estrutura do Cargo
1000257,PREPARADOR DE MAQUINA I,,,,04,,,,,,,
1000258,PREPARADOR DE MAQUINA II,,,,04,,,,,,,
1000259,ALMOXARIFE,,,,04,,,,,,,
100026,OPERADOR DE EMPILHADEIRA,,782220,,04,,,,,,,
1000260,LIDER DE PRODUCAO,,811770,,04,,,,,,,
1000261,COORDENADOR DE MATERIA PRIMA,,141205,,02,,,,,,,
1000262,ASSISTENTE DE RH I,,411010,,04,,,,,,,
1000263,APRENDIZ CRED E COBRANCA,,811770,,04,,,,,,,
1000264,PREPARADOR DE MATERIA PRIMA I,,811745,,04,,,,,,,
1000265,APRENDIZ INJECAO ACE,,811770,,04,,,,,,,
1000266,OPERADOR DE MAQUINA SOPRADORA,,811770,,04,,,,,,,
1000267,LIMPADOR DE FILTROS,,811745,,04,,,,,,,
1000268,OPERADOR DE EMPILHADEIRA,,782220,,04,,,,,,,
1000269,AUXILIAR ADMINISTRATIVO,,411005,,04,,,,,,,
1000270,OPERADOR DE MAQUINA SOPRADORA,,811770,,04,,,,,,,
1000271,OPERADOR DE EMBALADEIRA,,811770,,04,,,,,,,
1000272,APRENDIZ FINANCEIRO,,811770,,04,,,,,,,
1000273,RECEPCIONISTA TELEFONISTA,,,,04,,,,,,,
1000274,OPERADOR FACILITADOR,,811770,,04,,,,,,,
1000275,ANALISTA DE CUSTOS PL,,252210,,04,,,,,,,
1000276,ASSISTENTE ESCRITA FISCAL II,,413110,,04,,,,,,,
1000277,ASSISTENTE ADMINISTRATIVO,,411010,,04,,,,,,,
1000278,APRENDIZ EXPORTACAO,,811770,,04,,,,,,,
1000279,TEC PROCESSOS INDUSTRIAIS I,,311410,,04,,,,,,,
1000280,COORDENADOR DE MANUTENCAO,,950305,,02,,,,,,,
1000281,COORDENADOR DE FERRAMENTARIA,,720115,,02,,,,,,,
1000282,TECNICO EM MATERIAIS I,,391135,,04,,,,,,,
1000283,DESENHISTA,,318610,,04,,,,,,,
1000284,COORDENADOR LEAN,,214905,,02,,,,,,,
1000285,APRENDIZ LEAN,,811770,,04,,,,,,,
1000286,PEDREIRO III,,715230,,04,,,,,,,
1000287,ENGENHEIRO SEGURANCA TRABALHO,,214915,,04,,,,,,,
1000288,AJUDANTE DE OBRAS CIVIS,,717020,,04,,,,,,,
1000289,APRENDIZ ADMINISTRATIVO,,411005,,04,,,,,,,
1000290,COORDENADOR FISCAL,,252210,,02,,,,,,,
1000291,COORDENADOR PLAN ECON E FINAN,,252210,,02,,,,,,,
1000292,RECEPCIONISTA TELEFONISTA,,422205,,04,,,,,,,
1000293,GERENTE CORPORATIVO VENDA MARK,,142320,,01,,,,,,,
1000294,PREPARADOR MAQUINA I,,721225,,04,,,,,,,
1000295,PREPARADOR MAQUINA II,,721225,,04,,,,,,,
1000296,PREP DE MAQUINA I,,811770,,04,,,,,,,
1000297,PREP MAQUINA I I,,,,04,,,,,,,
1000298,OPERADOR DE MOAGEM,,,,04,,,,,,,
1000299,ANALISTA DE PRODUTO E MKT,,142335,,04,,,,,,,
1000300,MEDICO TRABALHO,,225140,,04,,,,,,,
1000301,ESTAGIARIO LEAN,,,,05,,,,,,,
1000302,ESTAGIARIO FINANCEIRO,,,,05,,,,,,,
1000303,ESTAGIARIO VENDAS,,,,05,,,,,,,
1000304,ESTAGIARIO MANUTENCAO,,,,05,,,,,,,
1000305,ESTAGIARIO EXPORTACAO,,,,05,,,,,,,
1000306,OPERADOR TELEVENDAS,,422305,,04,,,,,,,
1000307,SUPERVISOR DE TELEVENDAS,,420135,,06,,,,,,,
1000308,PREPARADOR DE MAQUINA I,,,,04,,,,,,,
1000309,ANALISTA LEAN,,251220,,04,,,,,,,
1000310,SUPERVISOR ADM DE VENDAS,,520110,,06,,,,,,,
1000311,ASSISTENTE DE CUSTOS I,,413110,,04,,,,,,,
1000312,ANALISTA PROJETOS JR,,214310,,04,,,,,,,
1000313,ESTAGIARIO TI,,,,05,,,,,,,
1000314,APRENDIZ ENGENHARIA,,411005,,04,,,,,,,
1000315,GERENTE CORPORATIVO FINANCEIRO,,142115,,01,,,,,,,
1000316,TECNICO SEGURANCA TRABALHO III,,351605,,04,,,,,,,
1000317,ASSISTENTE LEAN,,391120,,04,,,,,,,
1000318,ASSISTENTE ARTE FINALISTA,,318405,,04,,,,,,,
1000319,ANALISTA PLANEJ DE DEMANDA E P,,142335,,04,,,,,,,
1000320,INSTRUTOR TECNICO DE VENDAS,,354120,,04,,,,,,,
1000321,AUXILIAR ADMINISTRATIVO,,411005,,04,,,,,,,
  FPTA001.CAD  -  19/10/2025  -  11:00:11                                                KRONA TUBOS E CONEXOES LTDA                                                 Usu痙io: amanda.correa
0001,-,KRONA TUBOS E CONEXOES LTDA,P敬.:,   6
Cargo Reduzido
,Estrutura do Cargo
1000322,ESTAGIRIO DE MARKETING,,,,05,,,,,,,
1000323,ASSISTENTE MANUT E CONTROLE DE,,391130,,04,,,,,,,
1000324,COORDENADOR REGIONAL VENDAS,,142320,,02,,,,,,,
1000325,GERENTE CORPORATIVO INDUSTRIAL,,141205,,01,,,,,,,
1000326,SUPERINTENDENTE ADM FINANCEIRO,,123110,,05,,,,,,,
1000327,SUPERINTENDENTE VENDAS MARKETI,,123305,,05,,,,,,,
1000328,SUPERINTENDENTE INDUSTRIAL,,122205,,05,,,,,,,
1000329,PRESIDENTE,,122205,,05,,,,,,,
1000330,ANALISTA LOGISTICA SR,,342305,,04,,,,,,,
1000331,ANALISTA DE CONTRATOS,,410105,,04,,,,,,,
1000332,COORDENADOR ADM VENDAS,,142305,,02,,,,,,,
1000333,TECNICO INFORMATICA I,,317210,,04,,,,,,,
1000334,AUXILIAR ADMINISTRATIVO,,521110,,04,,,,,,,
1000335,GERENTE DE RH,,142205,,01,,,,,,,
1000336,TECNICO INFORMATICA II,,317210,,04,,,,,,,
1000337,GERENTE DE LOGISTICA,,141615,,01,,,,,,,
1000338,AUXILIAR ADMINISTRATIVO COMPRA,,411005,,04,,,,,,,
1000339,PEDREIRO II,,715230,,04,,,,,,,
1000340,ASSISTENTE BACK OFFICE,,422320,,04,,,,,,,
1000341,CONSULTOR INTERNO DE INFORMATI,,212405,,04,,,,,,,
1000342,ANALISTA PIVO,,342125,,04,,,,,,,
1000343,AUXILIAR ADMINISTRATIVO,,410225,,04,,,,,,,
1000344,ANALISTA JURIDICO,,241005,,04,,,,,,,
1000345,ANALISTA LEAN JR,,391120,,04,,,,,,,
1000346,ANALISTA LEAN PL,,391120,,04,,,,,,,
1000347,ANALISTA EXPORTACAO PL,,354305,,04,,,,,,,
1000348,ANALISTA LEAN SR,,391120,,04,,,,,,,
1000349,OPERADOR FACILITADOR MP,,811770,,04,,,,,,,
1000350,TECNICO QUALIDADE RECEB. MP,,391205,,04,,,,,,,
1000351,METROLOGISTA,,352305,,04,,,,,,,
1000352,INSPETOR QUALIDADE II,,391210,,04,,,,,,,
1000353,INSPETOR QUALIDADE I,,391210,5,04,0,C5,/,,C5,/,
1000354,TECNICO CONTROLE QUALIDADE II,,391210,,04,,,,,,,
1000355,TECNICO ASSISTENCIA TECNICA,,391210,,04,,,,,,,
1000356,APRENDIZ ALMOXARIFADO ACE,,411005,,04,,,,,,,
1000357,ANALISTA PCP JR,,391125,,04,,,,,,,
1000358,ANALISTA PCP PL,,391125,,04,,,,,,,
1000359,ANALISTA PCP SR,,391125,,04,,,,,,,
1000360,PROGRAMADOR DE PRODU츒,,391125,,04,,,,,,,
1000361,TECNICO CONTROLE QUALIDADE I,,391210,,04,,,,,,,
1000362,ESTAGIARIO DE RH,,,,05,,,,,,,
1000363,COORDENADOR DE ENGENHARIA,,314110,,02,,,,,,,
1000364,ESTAGIARIO COMERCIAL,,,,05,,,,,,,
1000365,ESTAGIARIO ENG. DE MATERIAIS,,,,05,,,,,,,
1000366,DESIGNER GRAFICO JR,,262410,,04,,,,,,,
1000367,ESTAGIARIO MANUTENCAO MECANICA,,,,05,,,,,,,
1000368,DESIGNER GRAFICO JR,,318405,,04,,,,,,,
1000369,ANALISTA MARKETING EVENTOS JR,,142335,,04,,,,,,,
1000370,OPERADOR FACILITADOR,,811770,,04,,,,,,,
1000371,GERENTE ENGENHARIA,,142605,,01,,,,,,,
1000372,APRENDIZ LOGISTICA,,411005,,04,,,,,,,
1000373,LIDER DA QUALIDADE,,391210,,04,,,,,,,
1000374,ANALISTA DE VENDAS JR,,521110,,04,,,,,,,
1000375,PINTOR INDUSTRIAL,,723315,,04,,,,,,,
1000376,ANALISTA MATERIAIS PL,,391135,1,04,0,001,/,-4,001,/,-1
1000377,ASSISTENTE DE EXPORTACAO I,,354305,,04,,,,,,,
1000378,ASSISTENTE DE EXPORTACAO II,,354305,,04,,,,,,,
1000379,AUXILIAR ADMINISTRATIVO MARKET,,253120,,04,,,,,,,
1000380,ESTAGIARIO ENGENHARIA AMBIENTA,,,,05,,,,,,,
1000381,ESTAGIARIO SEG. DO TRABALHO,,,,05,,,,,,,
1000382,ESTAGIARIO JURIDICO,,,,05,,,,,,,
1000383,PEDREIRO II,,715230,,04,,,,,,,
1000384,PEDREIRO III,,715230,,04,,,,,,,
1000385,ESTAGIARIO QUALIDADE,,,,05,,,,,,,
1000386,AUXILIAR DE LOGISTICA,,342110,,04,,,,,,,
1000387,ESTAGIRIO ENG. DE PROCESSOS,,,,05,,,,,,,
  FPTA001.CAD  -  19/10/2025  -  11:00:11                                                KRONA TUBOS E CONEXOES LTDA                                                 Usu痙io: amanda.correa
0001,-,KRONA TUBOS E CONEXOES LTDA,P敬.:,   7
Cargo Reduzido
,Estrutura do Cargo
1000388,COORDENADOR DE PLAN. DEMANDA E,,391125,,02,,,,,,,
1000389,ANALISTA MATERIAIS JR,,391135,,04,,,,,,,
1000390,OPERADOR EMBALADEIRA I,,811770,,04,,,,,,,
1000391,OPERADOR EMBALADEIRA II,,811770,,04,,,,,,,
1000392,COORDENADOR ENGENHARIA MANUTEN,,142705,,02,,,,,,,
1000393,ANALISTA FISCAL JR,,252210,,04,,,,,,,
1000394,ANALISTA FISCAL PL,,252210,,04,,,,,,,
1000395,ANALISTA FISCAL SR,,252210,,04,,,,,,,
1000396,TECNICO ELETROELETRONICO I,,951105,,04,,,,,,,
1000397,TECNICO ELETROELETRONICO II,,951105,,04,,,,,,,
1000398,TECNICO ELETROELETRONICO III,,951105,,04,,,,,,,
1000399,TECNICO CONTROLE QUALIDADE III,,391210,,04,,,,,,,
1000400,ESPECIALISTA EM RH,,413105,,03,,,,,,,
1000401,ESTAGIARIO FINANCEIRO,,,,05,,,,,,,
1000402,ANALISTA BACK OFFICE JR,,422320,,04,,,,,,,
1000403,ANALISTA BACK OFFICE PL,,422320,,04,,,,,,,
1000404,ANALISTA BACK OFFICE SR,,422320,,04,,,,,,,
1000405,ANALISTA PROJETOS PL,,314110,,04,,,,,,,
1000406,TECNICO DE ENFERMAGEM,,322205,,04,,,,,,,
1000407,TECNICO PROJETOS AMBIENTAL,,311505,,04,,,,,,,
1000408,ESPECIALISTA LEAN MANUFACTURIN,,391120,,03,,,,,,,
1000409,ANALISTA INTELIG MERCADO JR,,142335,,04,,,,,,,
1000410,ANALISTA INTELIG MERCADO PL,,411010,,04,,,,,,,
1000411,ANALISTA INTELIG MERCADO SR,,142335,,04,,,,,,,
1000412,VENDEDOR SR,,524105,,04,,,,,,,
1000413,ELETROMECANICO MANUTENCAO I,,300305,,04,,,,,,,
1000414,TORNEIRO CNC I,,721410,,04,,,,,,,
1000415,ELETROMECANICO MANUTENCAO II,,300305,,04,,,,,,,
1000416,TORNEIRO CNC II,,711410,,04,,,,,,,
1000417,TORNEIRO CNC III,,721410,,04,,,,,,,
1000418,ESPECIALISTA EM EXPORTACAO,,354305,,03,,,,,,,
1000419,ESPECIALISTA EM LOG펩TICA,,342125,,03,,,,,,,
1000420,APRENDIZ  ALMOXARIFADO,,411005,,04,,,,,,,
1000421,APRENDIZ EXPEDI츒,,411005,,04,,,,,,,
1000422,AUXILIAR ADMINISTRATIVO,,411005,,04,,,,,,,
1000423,ANALISTA DESEN PRODUTOS SR,,395105,,04,,,,,,,
1000424,ESPECIALISTA EM SAUDE SEG. DO,,351605,,03,,,,,,,
1000425,TECNICO INFORMATICA III,,317210,,04,,,,,,,
1000426,COORDENADOR LOGISTICA,,141615,,02,,,,,,,
1000427,ANALISTA DE PATRIMONIO,,252105,,04,,,,,,,
1000428,ASSISTENTE DE PROSPECCAO,,422310,,04,,,,,,,
1000429,ANALISTA DESENV PRODUTO,,395105,,04,,,,,,,
1000430,GERENTE NAC VENDAS IRRIGACAO,,123305,,01,,,,,,,
1000431,APRENDIZ  TELEVENDAS,,411005,,04,,,,,,,
1000432,RECEPCIONISTA,,422105,,04,,,,,,,
1000433,APRENDIZ  PCP,,411005,,04,,,,,,,
1000434,APRENDIZ  MATERIAIS,,411005,,04,,,,,,,
1000435,CALDEIREIRO,,724410,,04,,,,,,,
1000436,PSICOLOGO A,,251540,,04,,,,,,,
1000437,ANALISTA DE CONTROLES INTERNOS,,252205,,04,,,,,,,
1000438,VENDEDOR I,,524105,,04,,,,,,,
1000439,VENDEDOR II,,524105,,04,,,,,,,
1000440,VENDEDOR III,,524105,,04,,,,,,,
1000441,ANALISTA EXPORTACAO JR,,354305,,04,,,,,,,
1000442,ANALISTA EXPORTACAO PL,,354305,4,04,0,020,/,,020,/,
1000443,ANALISTA EXPORTACAO SR,,354305,,04,,,,,,,
1000444,PREPARADOR DE MOLDES,,721225,,04,,,,,,,
1000445,ESTAGIARIO EM FERRAMENTARIA,,,,05,,,,,,,
1000446,ASSISTENTE JURIDICO,,411010,,04,,,,,,,
1000447,PAPAI NOEL,,371410,,04,,,,,,,
1000448,ASSISTENTE CONTROLADORIA,,413110,,04,,,,,,,
1000449,AUXILIAR DE FERRAMENTARIA,,725010,,04,,,,,,,
1000450,SUPERINTENDENTE COMERCIAL,,123305,,05,,,,,,,
1000451,AUXILIAR ADMINISTRATIVO,,411005,,04,,,,,,,
1000452,DIRETOR FINANCEIRO,,123110,,05,,,,,,,
1000453,DIRETOR INDUSTRIAL,,122205,,05,,,,,,,
  FPTA001.CAD  -  19/10/2025  -  11:00:11                                                KRONA TUBOS E CONEXOES LTDA                                                 Usu痙io: amanda.correa
0001,-,KRONA TUBOS E CONEXOES LTDA,P敬.:,   8
Cargo Reduzido
,Estrutura do Cargo
1000454,DIRETOR COMERCIAL,,123305,,05,,,,,,,
1000455,VICE PRESIDENTE,,122205,,05,,,,,,,
1000456,ESPECIALISTA P&D,,142605,,03,,,,,,,
1000457,LAVADOR DE ROUPA,,516405,,05,,,,,,,
1000458,ESPECIALISTA GESTAO ESTRATEGIC,,391120,,03,,,,,,,
1000459,ANALISTA GESTAO ESTRATEGICA JR,,391120,,04,,,,,,,
1000460,ANALISTA GESTAO ESTRATEGICA PL,,391120,,04,,,,,,,
1000461,ANALISTA GESTAO ESTRATEGICA SR,,391120,,04,,,,,,,
1000462,INSTRUTOR T텎NICO TREINAMENTO,,233210,,04,,,,,,,
1000463,ASSISTENTE PLANEJ MANUTENCAO,,391130,,04,,,,,,,
1000464,OPERADOR LOGISTICO I,,414135,,04,,,,,,,
1000465,OPERADOR LOGISTICO II,,414135,,04,,,,,,,
1000466,OPERADOR LOGISTICO III,,414135,,04,,,,,,,
1000467,SUPERVISOR LOGISTICA,,410205,,06,,,,,,,
1000468,OPERADOR LOGISTICO I,,414215,,04,,,,,,,
1000469,OPERADOR LOGISTICO II,,414215,,04,,,,,,,
1000470,OPERADOR LOGISTICO III,,414215,,04,,,,,,,
1000471,ASSISTENTE SAUDE E SEG TRABAL,,411010,,04,,,,,,,
1000472,ANALISTA DE REM. E BENEF펚IOS,,252405,,04,,,,,,,
1000473,ASSISTENTE GENTE E GESTAO,,411010,,04,,,,,,,
1000474,COORDENADOR GENTE E GESTAO,,142205,,02,,,,,,,
1000475,GERENTE GENTE E GESTAO,,142205,,01,,,,,,,
1000476,ESPECIALISTA FINANCEIRO,,413110,,03,,,,,,,
1000477,AUXILIAR OPERACIONAL,,784205,,04,,,,,,,
1000478,CONSELHEIRO ADMINISTRACAO,,121010,,05,,,,,,,
1000479,ESTAGIRIO INDUSTRIAL,,,,05,,,,,,,
1000480,GERENTE FINAN큐S E CONTROLAD,,142115,,01,,,,,,,
1000481,ESPECIALISTA FISCAL,,252210,,03,,,,,,,
1000482,ANALISTA DE RISCO E COMPLIANCE,,252205,,04,,,,,,,
1000483,INSPETOR QUALIDADE III,,391205,,04,,,,,,,
1000484,ADVOGADO(A),,241005,,04,,,,,,,
1000485,APONTADOR PRODUCAO,,414210,,04,,,,,,,
1000486,ESPECIALISTA SEG. INF. E INFRA,,212320,,03,,,,,,,
1000487,ESTAGIRIO PCP,,,,05,,,,,,,
1000488,ESPECIALISTA DE GENTE E GEST츒,,413105,,03,,,,,,,
1000489,FACILITADOR FERRAMENTARIA,,721105,,04,,,,,,,
1000490,PLANEJADOR DE MANUTEN츒,,391130,,04,,,,,,,
1000491,TECNICO PROJETOS INDUSTRIAIS,,314110,,04,,,,,,,
1000492,ESTAGIARIO COMUNICACAO INTERNA,,,,05,,,,,,,
1000493,ANALISTA SUPORTE JR,,212420,,04,,,,,,,
1000494,ANALISTA SUPORTE PL,,212420,,04,,,,,,,
1000495,ANALISTA SUPORTE SR,,212420,,04,,,,,,,
1000496,ASSISTENTE FACILITIES,,411010,,04,,,,,,,
1000497,COORD INTELIGENCIA PROD MERC,,142335,,02,,,,,,,
1000498,"ESPECIALISTA DESIGN, MIDIA, BR",,142335,,03,,,,,,,
1000499,PROGRAMADOR CNC,,721405,,04,,,,,,,
1000500,ANALISTA NEGOCIOS,,212405,,04,,,,,,,
1000501,ANALISTA INTELIG툁CIA PRODUTO,,142335,,04,,,,,,,
1000502,ANALISTA PRICING,,142330,,04,,,,,,,
1000503,ENGENHEIRO APLICACAO,,141420,,04,,,,,,,
1000504,TECNICO ENGENHARIA MANUTENCAO,,391130,,04,,,,,,,
1000505,ESPECIALISTA PLAN ECONOMICO,,252105,,03,,,,,,,
1000506,COORDENADOR ENG PROCESSOS,,141205,,02,,,,,,,
1000507,ASSISTENTE GESTAO DA QUALIDADE,,391205,,04,,,,,,,
10005078,ANALISTA LEAN SR,,391120,,04,,,,,,,
10005079,OPERADOR FACILITADOR MP,,,,04,,,,,,,
1000508,ANALISTA MATERIAIS SR,,391135,,04,,,,,,,
10005080,TECNICO QUALIDADE RECEB. MP,,,,04,,,,,,,
10005081,METROLOGISTA,,,,04,,,,,,,
10005082,INSPETOR DE QUALIDADE II,,,,04,,,,,,,
10005083,INSPETOR QUALIDADE I,,391205,,04,,,,,,,
10005084,TECNICO CONTROLE QUALIDADE II,,,,04,,,,,,,
10005085,TECNICO ASSISTENCIA TECNICA,,,,04,,,,,,,
10005086,APRENDIZ ALMOXARIFADO ACE,,411005,,04,,,,,,,
10005087,ANALISTA PCP JR,,,,04,,,,,,,
10005088,ANALISTA PCP PL,,,,04,,,,,,,
  FPTA001.CAD  -  19/10/2025  -  11:00:11                                                KRONA TUBOS E CONEXOES LTDA                                                 Usu痙io: amanda.correa
0001,-,KRONA TUBOS E CONEXOES LTDA,P敬.:,   9
Cargo Reduzido
,Estrutura do Cargo
10005089,ANALISTA PCP SR,,391125,,04,,,,,,,
1000509,ASSISTENTE PCP,,411010,,04,,,,,,,
10005090,PROGRAMADOR DE PRODUCAO,,,,04,,,,,,,
10005091,TECNICO CONTROLE QUALIDADE I,,391210,,04,,,,,,,
10005092,ESTAGIARIO DE RH,,,,05,,,,,,,
10005093,COORDENADOR ENGENHARIA,,141205,,02,,,,,,,
10005094,ESTAGIARIO COMERCIAL,,,,05,,,,,,,
10005095,ESTAGIARIO ENG. DE MATERIAIS,,,,05,,,,,,,
10005096,DESIGNER GRAFICO JR,,,,04,,,,,,,
10005097,ESTAGIARIO MANUTENCAO MECANICA,,,,05,,,,,,,
10005098,ANALISTA ADM PESSOAL JR,,413105,,04,,,,,,,
10005099,ANALISTA ADM PESSOAL PL,,413105,,04,,,,,,,
100051,ESTAGIO,,,,05,,,,,,,
1000510,ESTAGIRIO CONTROLADORIA,,,,05,,,,,,,
10005100,ANALISTA ADM PESSOAL SR,,413105,,04,,,,,,,
10005101,ANALISTA COMUNICA츒 INTERNA,,252405,,04,,,,,,,
10005102,ANALISTA CONTROLADORIA JR,,252210,0,04,0,,/,,,/,
10005103,ANALISTA CONTROLADORIA PL,,252210,,04,,,,,,,
10005104,ANALISTA CONTROLADORIA SR,,252210,,04,,,,,,,
10005105,ANALISTA CREDITO E COBRANCA JR,,410225,,04,,,,,,,
10005106,ANALISTA CREDITO E COBRANCA PL,,410225,,04,,,,,,,
10005107,ANALISTA CREDITO E COBRANCA SR,,410225,,04,,,,,,,
10005108,ANALISTA DESEN PESSOAS JR,,252405,,04,,,,,,,
10005109,ANALISTA DESEN PESSOAS PL,,252405,,04,,,,,,,
1000511,OPERADOR ETA E EFLUENTES,,862305,,04,,,,,,,
10005110,ANALISTA DESEN PESSOAS SR,,252405,,04,,,,,,,
10005111,ANALISTA ENGENHARIA MANUTENCAO,,391130,,04,,,,,,,
10005112,ANALISTA PROJETOS AMBIENTAIS,,214005,,04,,,,,,,
10005113,ANALISTA PROJETOS SR,,311410,,04,,,,,,,
10005114,ANALISTA SUPRIMENTOS JR,,354205,,04,,,,,,,
10005115,ANALISTA SUPRIMENTOS PL,,354205,,04,,,,,,,
10005116,ANALISTA SUPRIMENTOS SR,,354205,,04,,,,,,,
10005117,ASSISTENTE COMERCIAL,,354125,,04,,,,,,,
10005118,ASSISTENTE ENGENHARIA,,395105,,04,,,,,,,
10005119,ASSISTENTE MARKETING,,411005,,04,,,,,,,
1000512,COORDENADOR PCP,,410105,,02,,,,,,,
10005120,ASSISTENTE SUPRIMENTOS,,411010,,04,,,,,,,
10005121,ASSISTENTE TELEVENDAS,,422310,,04,,,,,,,
10005122,ASSISTENTE T텎NICO,,391210,,04,,,,,,,
10005123,AUXILIAR MANUTENCAO,,911305,,04,,,,,,,
10005124,COORDENADOR ADM. DE PESSOAL,,142210,,02,,,,,,,
10005125,COORDENADOR CONTROLADORIA,,252210,,02,,,,,,,
10005126,COORDENADOR DESEN. DE PESSOAS,,142210,,02,,,,,,,
10005127,COORDENADOR SUPRIMENTOS,,142405,,02,,,,,,,
10005128,COORDENADOR TI  INFRAESTRUTURA,,212315,,02,,,,,,,
10005129,COORDENADOR DE TI   SISTEMAS,,212315,,02,,,,,,,
1000513,COORDENADOR FINAN큐S/CONTROL.,,252210,,02,,,,,,,
10005130,ELETROMECANICO MANUTENCAO III,,300305,,04,,,,,,,
10005131,ESPECIALISTA MATERIAIS,,391135,,03,,,,,,,
10005132,ESPECIALISTA PROJ. FERRAMENTAS,,721105,,03,,,,,,,
10005133,EXECUTIVO VENDAS,,354145,,04,,,,,,,
10005134,EXECUTIVO VENDAS GRANDES CONTA,,354145,,04,,,,,,,
10005135,FRESADOR MECANICO I,,721215,,04,,,,,,,
10005136,FRESADOR MECANICO II,,721215,,04,,,,,,,
10005137,FRESADOR MECANICO III,,721215,,04,,,,,,,
10005138,GERENTE OPERACOES,,141205,,01,,,,,,,
10005139,GERENTE SUPPLY CHAIN,,142410,,01,,,,,,,
1000514,APRENDIZ INDUSTRIAL,,811770,,04,,,,,,,
10005140,OPERADOR MAQUINA I,,811770,,04,,,,,,,
10005141,OPERADOR MAQUINA III,,811770,,04,,,,,,,
10005142,PEDREIRO,,514325,,04,,,,,,,
10005143,PREPARADOR FERRAMENTAS,,721225,,04,,,,,,,
10005144,PREPARADOR MATERIA PRIMA III,,811770,,04,,,,,,,
10005145,PROGRAMADOR OPERADOR CNC I,,721405,,04,,,,,,,
10005146,PROGRAMADOR OPERADOR CNC II,,721405,,04,,,,,,,
10005147,PROGRAMADOR OPERADOR CNC III,,721405,0,04,0,,/,,,/,
  FPTA001.CAD  -  19/10/2025  -  11:00:11                                                KRONA TUBOS E CONEXOES LTDA                                                 Usu痙io: amanda.correa
0001,-,KRONA TUBOS E CONEXOES LTDA,P敬.:,  10
Cargo Reduzido
,Estrutura do Cargo
10005148,SUPERVISOR QUALIDADE,,391210,,06,,,,,,,
10005149,SUPERVISOR DE ALMOXARIFADO,,410205,,06,,,,,,,
1000515,ANALISTA SEGURANCA PATRIMONIAL,,252605,,04,,,,,,,
10005150,SUPERVISOR DE EXPEDICAO,,410205,,06,,,,,,,
10005151,SUPERVISOR FERRAMENTARIA,,721105,,06,,,,,,,
10005152,SUPERVISOR MANUTENCAO,,950305,,06,,,,,,,
10005153,SUPERVISOR PRODUCAO,,810205,,06,,,,,,,
10005154,TECNICO ENFERMAGEM TRABALHO,,322215,,04,,,,,,,
10005155,T텎NICO DE INFORM쳆ICA,,317210,,04,,,,,,,
10005156,TECNICO MATERIAIS,,391135,,04,,,,,,,
10005157,TORNEIRO MECANICO I,,721215,,04,,,,,,,
10005158,TORNEIRO MECANICO II,,721215,,04,,,,,,,
10005159,TORNEIRO MECANICO III,,721215,,04,,,,,,,
1000516,ERGONOMISTA,,351605,,04,,,,,,,
1000517,ESTAGIARIO ENGENHARIA CIVIL,,,,05,,,,,,,
1000518,ANALISTA OPERACAO LOGISTICA,,342125,,04,,,,,,,
1000519,COORDENADOR SAUDE & SEG TRABAL,,252605,,02,,,,,,,
1000520,DIRETOR EXECUTIVO,,121010,,05,,,,,,,
1000521,ESTAGIARIO ADM. DE VENDAS,,,,05,,,,,,,
1000522,ANALISTA PRICING JR,,142330,,04,,,,,,,
1000523,ANALISTA PRICING PL,,142330,,04,,,,,,,
1000524,ANALISTA PRICING SR,,142330,,04,,,,,,,
1000525,ESPECIALISTA GOV RISCO E COMPL,,252205,,03,,,,,,,
1000526,ANALISTA REM E BENEFICIOS JR,,252405,,04,,,,,,,
1000527,ANALISTA REM E BENEFICIOS PL,,252405,,04,,,,,,,
1000528,ANALISTA REM E BENEFICIOS SR,,252405,,04,,,,,,,
1000529,COORDENADOR OPER REMUN & PERF,,142205,,02,,,,,,,
1000530,COORDENADOR DESEN & COMUNI INT,,142205,,02,,,,,,,
1000531,ESPECIALISTA INTEL TRAB SISTEM,,252405,,03,,,,,,,
1000532,ANALISTA TRADE MARKETING JR,,142335,,04,,,,,,,
1000533,ANALISTA TRADE MARKETING PL,,142335,,04,,,,,,,
1000534,ANALISTA TRADE MARKETING SR,,142335,,04,,,,,,,
1000535,CONSULTOR INTERNO GG,,252405,,04,,,,,,,
1000536,CONTROLE PRODUCAO,,813115,,04,,,,,,,
1000537,ASSISTENTE COMUNICA츒 INTERNA,,411010,,04,,,,,,,
1000538,ANALISTA INOVACAO,,252105,,04,,,,,,,
1000539,TRAINEE,,411010,,04,,,,,,,
1000540,EXECUTIVO INTERNACIONAL VENDAS,,354145,,04,,,,,,,
1000541,ANALISTA RESPONS SOCIAL PL,,251605,,04,,,,,,,
1000542,COORDENADOR ARQ SEG E GOVERNAN,,142505,,02,,,,,,,
1000543,COORDENADOR SIST E OPERA TI,,142505,,02,,,,,,,
1000544,ENGENHEIRO MATERIAIS,,214605,,04,,,,,,,
1000545,ANALISTA RISCO E COMPLIANCE JR,,252205,,04,,,,,,,
1000546,ANALISTA RISCO E COMPLIANCE PL,,252205,,04,,,,,,,
1000547,ANALISTA RISCO E COMPLIANCE SR,,252205,,04,,,,,,,
1000548,DIRETOR OPERACOES,,122205,,05,,,,,,,
1000549,ANALISTA CONTROLES INTERNOS JR,,252205,,04,,,,,,,
1000550,ANALISTA CONTROLES INTERNOS PL,,252205,,04,,,,,,,
1000551,ANALISTA QUALIDADE JR,,391210,,04,,,,,,,
1000552,ANALISTA CADASTRO,,411005,,04,,,,,,,
1000553,ANALISTA PRODUCAO JR,,391125,,04,,,,,,,
1000554,ANALISTA PRODUCAO PL,,391125,,04,,,,,,,
1000555,ANALISTA COMUNICACAO INT JR,,252405,,04,,,,,,,
1000556,ANALISTA COMUNICACAO INT PL,,252405,,04,,,,,,,
1000557,ANALISTA COMUNICACAO INT SR,,252405,,04,,,,,,,
1000558,ANALISTA SEG INFORMACAO JR,,212420,,04,,,,,,,
1000559,ANALISTA SEG INFORMACAO PL,,212420,,04,,,,,,,
1000560,ANALISTA SEG INFORMACAO SR,,212420,,04,,,,,,,
1000561,COORDENADOR OPERACOES,,141205,,02,,,,,,,
1000562,SUPERVISOR OPERACOES,,810205,,06,,,,,,,
1000563,COORDENADOR PMP,,142315,,02,,,,,,,
1000564,COORDENADOR TELEVENDAS,,420135,,02,,,,,,,
1000565,ESPECIALISTA PRICING,,142335,,03,,,,,,,
1000566,ANALISTA FACILITIES JR,,411010,,04,,,,,,,
1000567,ANALISTA FACILITIES PL,,411010,,04,,,,,,,
1000568,FACILITADOR MANUTENCAO FACILIT,,910105,,04,,,,,,,
  FPTA001.CAD  -  19/10/2025  -  11:00:12                                                KRONA TUBOS E CONEXOES LTDA                                                 Usu痙io: amanda.correa
0001,-,KRONA TUBOS E CONEXOES LTDA,P敬.:,  11
Cargo Reduzido
,Estrutura do Cargo
1000569,ESTAGIRIO DE ENG. EL텞RICA,,,,05,,,,,,,
1000570,ESTAGIARIO ENG. MECANICA,,,,05,,,,,,,
1000571,OPERADOR CENTRAL MONITORAMENTO,,951315,,04,,,,,,,
1000572,COORDENADOR FISCAL,,252210,,02,,,,,,,
1000573,ANALISTA GOVERNAN큐 DE TI PL,,212410,,04,,,,,,,
1000574,ANALISTA GOVERNAN큐 DE TI SR,,212410,,04,,,,,,,
1000575,ANALISTA PMO SR,,251220,,04,,,,,,,
1000576,COORDENADOR P&D,,142605,,02,,,,,,,
1000577,COORDENADOR ENG MANUTENCAO,,142705,,02,,,,,,,
1000578,ANALISTA CONTROLES INTERNOS JR,,252205,,04,,,,,,,
1000579,ANALISTA CONTROLES INTERNOS PL,,252205,,04,,,,,,,
1000580,ANALISTA CONTROLES INTERNOS SR,,252205,,04,,,,,,,
1000581,ADVOGADO JR,,241005,,04,,,,,,,
1000582,ADVOGADO PL,,241005,,04,,,,,,,
1000583,ADVOGADO SR,,241005,,04,,,,,,,
1000584,COORDENADOR S&OP,,410105,,02,,,,,,,
1000585,ANALISTA INTELIG PRODUTO JR,,142335,,04,,,,,,,
1000586,ANALISTA INTELIG PRODUTO PL,,142335,,04,,,,,,,
1000587,ANALISTA INTELIG PRODUTO SR,,142335,,04,,,,,,,
1000588,GERENTE PMP,,142315,,01,,,,,,,
1000589,GERENTE EXPORTACAO,,142305,,01,,,,,,,
1000590,ANALISTA DE SAC,,411010,,04,,,,,,,
1000591,AUXILIAR SERVICOS GERAIS,,514320,,04,,,,,,,
1000592,CONTROLADOR DA QUALIDADE,,391210,,04,,,,,,,
1000593,ESPECIALISTA INTELIG MERCADO,,142335,,03,,,,,,,
1000594,PROMOTOR VENDAS,,354130,,04,,,,,,,
1000595,SUPERVISOR MANUT/FERRAMENTARIA,,950110,,06,,,,,,,
1000596,OPERADOR PRODUCAO I,,811770,,04,,,,,,,
1000597,OPERADOR PRODUCAO II,,811770,,04,,,,,,,
1000598,OPERADOR PRODUCAO III,,811770,,04,,,,,,,
1000599,ANALISTA S&OP JR,,252710,,04,,,,,,,
1000600,JOVEM APRENDIZ,,411005,,04,,,,,,,
1000601,ANALISTA S&OP PL,,252710,,04,,,,,,,
1000602,ANALISTA S&OP SR,,252710,,04,,,,,,,
1000603,SUPERVISOR SEGURAN PATRIMONIAL,,410105,,06,,,,,,,
1000604,COORDENADOR ADM LOGISTICA,,410240,,02,,,,,,,
1000607,CONTROLADOR PRODU츒,,391210,,04,,,,,,,
1000608,ANALISTA DESEN PRODUTOS PL,,203210,,04,,,,,,,
1000609,ANALISTA DESEN PRODUTOS JR,,203210,,04,,,,,,,
1000700,ASSISTENTE INTELIG MERCADO,,411010,,04,,,,,,,
1000701,ESPECIALISTA MARKETING,,142335,,03,,,,,,,
1000702,ANALISTA ERGONOMISTA,,351605,,04,,,,,,,
1000703,PROJETISTA,,318610,,04,,,,,,,
1000704,ANALISTA PLAN ECONOMICO JR,,411010,,04,,,,,,,
1000705,ANALISTA PLAN ECONOMICO PL,,411010,,04,,,,,,,
1000706,ANALISTA PLAN ECONOMICO SR,,252210,,04,,,,,,,
1000707,COORDENADOR REG VENDAS IRRIGA,,142320,,02,,,,,,,
1000708,ESPECIALISTA PROCESSOS,,391105,,03,,,,,,,
1000709,GERENTE NAC VENDAS CONSTRUTORA,,142320,,01,,,,,,,
1000710,ESPECIALISTA DE PROJETOS TIC,,212405,,03,,,,,,,
1000711,ANALISTA INTELIG VENDAS JR,,142335,,04,,,,,,,
1000712,ANALISTA INTELIG VENDAS PL,,142335,,04,,,,,,,
1000713,ANALISTA INTELIG VENDAS SR,,142335,,04,,,,,,,
1000714,ESPECIALISTA REMUN BENEFICIOS,,252405,,03,,,,,,,
1000715,ANALISTA DE DADOS JR,,212405,,04,,,,,,,
1000716,ANALISTA DADOS PL,,212405,,04,,,,,,,
1000717,ANALISTA DE DADOS SR,,212405,,04,,,,,,,
1000718,ENGENHEIRO DE DADOS,,212205,,04,,,,,,,
1000719,ESPECIALISTA ENGENHARIA PROJET,,203210,,03,,,,,,,
1000720,GERENTE PLANEJ ESTRATEGICO,,142105,,01,,,,,,,
1000721,FRESADOR CNC III,,721410,,04,,,,,,,
1000722,SECRETARIA EXECUTIVA,,252310,,04,,,,,,,
1000723,COORDENADOR PRICING,,142330,,02,,,,,,,
1000724,ESPECIALISTA NEGOCIOS TIC,,212405,,03,,,,,,,
1000725,ANALISTA PROJ AMBIENTAIS JR,,214005,,04,,,,,,,
1000726,ANALISTA PROJ AMBIENTAIS SR,,214005,,04,,,,,,,
  FPTA001.CAD  -  19/10/2025  -  11:00:12                                                KRONA TUBOS E CONEXOES LTDA                                                 Usu痙io: amanda.correa
0001,-,KRONA TUBOS E CONEXOES LTDA,P敬.:,  12
Cargo Reduzido
,Estrutura do Cargo
1000890,ESTAGIARIO,,,,05,,,,,,,
1000891,ANALISTA APLICACAO,,354120,,04,,,,,,,
1000892,ESPECIALISTA DE SUPRIMENTOS,,354205,,03,,,,,,,
1000893,ANALISTA DESEN PESSOAS JR,,252405,,04,,,,,,,
1000894,ANALISTA PROCESSOS I,,311410,,04,,,,,,,
1000895,ASSISTENTE DE SEGUR PATRIMONIA,,517330,,04,,,,,,,
1000896,CONTROLADOR DE QUALIDADE JR,,391210,,04,,,,,,,
1000897,PREPARADOR FERRAMENTAS II,,721225,,04,,,,,,,
1000898,PREPARADOR FERRAMENTAS I,,721225,,04,,,,,,,
1000899,TECNICO ENGEN MANUTENCAO I,,391130,,04,,,,,,,
1000900,TECNICO ENGEN MANUTENCAO II,,391130,,04,,,,,,,
1000901,TECNICO ENGEN MANUTENCAO III,,391130,,04,,,,,,,
1000902,ASSISTENTE COMERCIO EXTERIOR,,411010,,04,,,,,,,
1000903,NUTRICIONISTA,,223710,,04,,,,,,,
1000905,COORDENADOR OPERAC GENTE E GES,,142205,,02,,,,,,,
1000906,COORDENADOR DESEN E RESPON SOC,,142205,,02,,,,,,,
1000907,ANALISTA RECRUT E SELECAO PL,,252405,,04,,,,,,,
1000908,ASSISTENTE RECRUT E SELECAO,,411010,,04,,,,,,,
1000909,COORDENADOR TRADE MARKETING,,142315,,02,,,,,,,
1000910,ENGENHEIRO AMBIENTAL,,214005,,04,,,,,,,
1000911,ESPECIFICADOR TECNICO,,354120,,04,,,,,,,
1000912,ESPECIALISTA DESEN PESSOAS,,252405,,03,,,,,,,
1000913,TECNICO MANUTENCAO PREDIAL JR,,312105,,04,,,,,,,
1000914,ANALISTA RECRUT E SELECAO JR,,252405,,04,,,,,,,
1000915,DENTISTA,,223288,,05,,,,,,,
1000916,COORDENADOR SSMA,,252605,,02,,,,,,,
1000917,AUDITOR INTERNO PL,,252205,,04,,,,,,,
1000918,ASSISTENTE VENDAS,,422310,,04,,,,,,,
1000919,EXECUTIVO VENDAS INTERNO,,354145,,04,,,,,,,
1000920,COORDENADOR REG VENDAS MULTI,,142320,,00,,,,,,,
1000921,SUPERVISOR PLAN CONT LOGISTICO,,414135,,06,,,,,,,
1000922,FONOAUDIOLOGO,,223810,,00,,,,,,,
1000923,ANALISTA RECRUT E SELECAO SR,,252405,,00,,,,,,,
1000924,ANALISTA MEIO AMBIENTE JR,,214010,,04,,,,,,,
1000925,FACILITADOR MANUTENCAO INDUSTR,,910105,,00,,,,,,,
1000926,ASSISTENTE ADM PESSOAL,,411010,,04,,,,,,,
1000927,INSTRUTOR TECNICO TREINAMENTO,,233215,,04,,,,,,,
1000928,ANALISTA GENTE GESTAO PL,,252405,,00,,,,,,,
1000929,TECNICO REC MATERIAIS II,,391205,,04,,,,,,,
1000930,TECNICO REC MATERIAIS III,,391205,,04,,,,,,,
1000931,COPEIRO,,513425,,00,,,,,,,
1000932,ANALISTA PROCESSOS JR,,311410,,00,,,,,,,
1000933,AUXILIAR FINANCEIRO,,411010,,04,,,,,,,
1000934,GERENTE ADMINISTRATIVO,,142105,,01,,,,,,,
1000935,GERENTE COMERCIAL,,142305,,01,,,,,,,
1000936,COMPRADOR,,354205,,00,,,,,,,
1000937,GERENTE DESENVOLVIMENTO PROD,,141205,,01,,,,,,,
1000938,ANALISTA DE CAPACITACAO E INTE,,142335,,04,,,,,,,
1000939,ANALISTA DE DESENVOLVIMENTO DE,,142335,,04,,,,,,,
100094,PRESIDENTE CONSELHO ADMINISTRA,,121010,,05,,,,,,,
1000940,ANALISTA DE ECOMMERCE,,142335,,04,,,,,,,
1000941,ANALISTA DE ENGENHARIA DO PROD,,214910,,04,,,,,,,
1000942,ANALISTA DE MARKETING DE PRODU,,142335,,04,,,,,,,
1000943,ANALISTA DE RH BUSINESS PARTNE,,252405,,04,,,,,,,
1000944,ANALISTA DE T.I JR,,212405,,04,,,,,,,
1000945,ASSESSOR JURIDICO,,351430,,04,,,,,,,
1000946,ASSISTENTE DE CAPACITACAO E SU,,354125,,04,,,,,,,
1000947,ASSISTENTE DE CONTAS A RECEBER,,411010,,04,,,,,,,
1000948,ASSISTENTE DE OPERACOES,,411005,,04,,,,,,,
1000949,AUXILIAR DE EXPORTACAO,,411045,,04,,,,,,,
1000950,AUXILIAR DE FATURISTA,,413115,,04,,,,,,,
1000951,AUXILIAR DE PRODUCAO II,,784205,,04,,,,,,,
1000952,AUXILIAR JURIDICO,,351430,,04,,,,,,,
1000953,COORDENADOR DE ENGENHARIA DE P,,214905,,02,,,,,,,
1000954,COORDENADOR DE PROJETOS,,142605,,02,,,,,,,
1000955,DESIGNER DE PRODUTOS,,262420,,04,,,,,,,
  FPTA001.CAD  -  19/10/2025  -  11:00:12                                                KRONA TUBOS E CONEXOES LTDA                                                 Usu痙io: amanda.correa
0001,-,KRONA TUBOS E CONEXOES LTDA,P敬.:,  13
Cargo Reduzido
,Estrutura do Cargo
1000956,DIRETOR (A) ESTATUTARIO (A),,121010,,05,,,,,,,
1000957,ESPECIALISTA DE DESENVOLVIMENT,,214905,,04,,,,,,,
1000958,INSTRUTOR DE TREINAMENTO I,,233215,,04,,,,,,,
1000959,OPERADOR DE MANUTENCAO,,725105,,04,,,,,,,
1000960,SUPERVISOR COMERCIAL,,520110,,06,,,,,,,
1000961,SUPERVISOR DE CAPACITACAO E SU,,520110,,06,,,,,,,
1000962,SUPERVISOR DE TREINAMENTO E DE,,233215,,06,,,,,,,
1000963,SUPERVISORA DE DESENVOLVIMENTO,,520110,,06,,,,,,,
1000964,TECNICO DE VENDAS,,354135,,04,,,,,,,
1000965,ENCARREGADO DE PRODUCAO,,141205,,06,,,,,,,
1000966,COORDENADOR JURIDICO,,241040,,02,,,,,,,
1000967,COORDENADOR GOV. RISC E COMPLI,,142110,,02,,,,,,,
1000968,ESPECIALISTA COMERCIAL,,142330,,03,,,,,,,
1000969,ANALISTA TECNICO COMERCIAL,,354120,,04,,,,,,,
1000999,SUPERVISOR SA４E/SEG. TRABALHO,,351605,,06,,,,,,,
1001,PREPARADOR DE GOLEIRO,,224115,,04,,,,,,,
1001199,REPRESENTANTE   KRONA,,,,04,,,,,,,
1002,SUPERVISOR,,410105,,04,,,,,,,
1003,PREPARADOR FISICO,,,,04,,,,,,,
1004,FISIOTERAPEUTA,,,,04,,,,,,,
1005,MORDOMO   ASSISTENTE,,,,04,,,,,,,
100572,ANALISTA GOVERNAN큐 DE TI JR,,212410,,04,,,,,,,
100598,L펛ER T텎NICO,,721105,,04,,,,,,,
1006,ASSESSOR DE IMPRENSA,,,,04,,,,,,,
1007,MASSAGISTA,,,,04,,,,,,,
1008,AUXILIAR TECNICO,,,,04,,,,,,,
100824,ANALISTA DESEN PESSOAS PL,,252405,,04,,,,,,,
100825,ANALISTA PROCESSOS III,,311410,,04,,,,,,,
100894,ANALISTA DE PROCESSOS I,,311410,,04,,,,,,,
8000001,OPERADOR DE INJETORA I,,811770,,04,,,,,,,
8000002,OPERADOR MAQUINA I,,,,04,,,,,,,
8000003,CONF. DE EXPEDICAO,,,,04,,,,,,,
8000004,AUXILIAR DE PRODUCAO,,784205,,04,,,,,,,
8000005,MEC.MANUT.GERAL,,,,04,,,,,,,
8000006,OPERADOR DE EXTRUSORA I,,811745,,04,,,,,,,
8000007,PREPARADOR DE MATERIA PRIMA I,,,,04,,,,,,,
8000008,AUXILIAR DE PRODUCAO III,,,,04,,,,,,,
8000009,ZELADORA,,,,04,,,,,,,
8000010,PROJETISTA I,,,,04,,,,,,,
8000011,SUP. DE EXPEDICAO,,,,06,,,,,,,
8000012,ANALISTA QUALIDADE,,,,04,,,,,,,
8000013,FERRAMENTEIRO I,,721105,,04,,,,,,,
8000014,AUXILIAR DE VENDAS,,,,04,,,,,,,
8000015,OP MAQ INJETORA,,,,04,,,,,,,
8000016,COORDENADOR DE EXPEDICAO,,342305,,02,,,,,,,
8000017,SUPER. ALMOXARIFADO,,,,06,,,,,,,
8000018,AUXILIAR DE ALMOXARIFADO,,,,04,,,,,,,
8000019,AUXILIAR ADMINISTRATIVO   RH,,411005,,04,,,,,,,
8000020,AUXILIAR ADMINISTRATIVO   CONT,,411005,,04,,,,,,,
8000021,AUXILIAR ADMINISTRATIVO   COMP,,411005,,04,,,,,,,
8000022,AUXILIAR ADMINISTRATIVO   LOGI,,411005,,04,,,,,,,
8000023,ANALISTA COMERCIAL PL,,,,04,,,,,,,
8000024,ANALISTA FINANCEIRO JR,,,,04,,,,,,,
8000025,ANALISTA DE CREDITO E COBRANCA,,,,04,,,,,,,
8000026,OPERADOR DE MAQUINA II,,811770,,04,,,,,,,
8000027,ANALISTA SISTEMAS JR,,212405,,04,,,,,,,
8000028,ANALISTA CONTABIL JR,,,,04,,,,,,,
8000029,COORDENADOR DE FERRAMENTARIA,,,,02,,,,,,,
8000030,COORDENADOR DA QUALIDADE,,391210,,02,,,,,,,
8000031,INSPETOR DA QUALIDADE,,391210,,04,,,,,,,
8000032,LIDER DE PRODUCAO,,,,04,,,,,,,
8000033,COORDENADOR DE PRODUCAO,,,,02,,,,,,,
8000034,AUXILIAR DE EXPEDICAO,,,,04,,,,,,,
8000035,ANALISTA DE CREDITO E COBRANCA,,,,04,,,,,,,
8000036,ANALISTA COMERCIAL SR,,,,04,,,,,,,
8000037,COMPRADOR JR,,,,04,,,,,,,
  FPTA001.CAD  -  19/10/2025  -  11:00:12                                                KRONA TUBOS E CONEXOES LTDA                                                 Usu痙io: amanda.correa
0001,-,KRONA TUBOS E CONEXOES LTDA,P敬.:,  14
Cargo Reduzido
,Estrutura do Cargo
8000038,COORDENADOR DE RH,,,,02,,,,,,,
8000039,TEC.SEGURANCA TRABALHO II,,351605,,04,,,,,,,
8000040,AUXILIAR DE SERVICOS GERAIS,,,,04,,,,,,,
8000041,COORDENADOR CAD CREDITO E COBR,,,,02,,,,,,,
8000042,PREPARADOR DE PEDIDOS,,,,04,,,,,,,
8000043,TORNEIRO FERRAMENTEIRO I,,721215,,04,,,,,,,
8000044,ANALISTA DE PRODUCAO,,391105,,04,,,,,,,
8000045,FATURISTA,,413115,,04,,,,,,,
8000046,ELETRICISTA ELETROELETRONICO,,,,04,,,,,,,
8000047,COORDENADOR DE COMPRAS,,,,02,,,,,,,
8000048,AUXILIAR DA FERRAMENTARIA,,721105,,04,,,,,,,
8000049,PREPARADOR DE MAQUINA,,,,04,,,,,,,
8000050,INSTRUTOR TECNICO COMERCIAL,,,,04,,,,,,,
8000051,PREPARADOR DE MAQUINA I,,,,04,,,,,,,
8000052,COORDENADOR COMERCIAL,,,,02,,,,,,,
8000053,ANALISTA DE SUPORTE DE REDE JR,,,,04,,,,,,,
8000054,AUXILIAR DE ELETRICISTA,,,,04,,,,,,,
8000055,EXPEDIDOR I,,414215,,04,,,,,,,
8000056,TORNEIRO FERRAMENTEIRO,,,,04,,,,,,,
8000057,ABASTECEDOR,,784205,,04,,,,,,,
8000058,ASSISTENTE DE RECURSOS HUMANOS,,,,04,,,,,,,
8000059,ALMOXARIFE,,,,04,,,,,,,
8000060,ANALISTA DE LOGISTICA I,,342305,,04,,,,,,,
8000061,ANALISTA DE LOGISTICA PL,,,,04,,,,,,,
8000062,ANALISTA DE TRANSPORTES JR,,,,04,,,,,,,
8000063,AUXILIAR ADMINISTRATIVO II,,,,04,,,,,,,
8000064,EXPEDIDOR II,,414215,,04,,,,,,,
8000065,EXPEDIDOR III,,,,04,,,,,,,
8000066,LIDER DE EXPEDICAO,,414215,,04,,,,,,,
8000067,ANALISTA DE CREDITO E COBRANCA,,,,04,,,,,,,
8000068,AUXILIAR CREDITO E COBRANCA,,,,04,,,,,,,
8000069,ANALISTA CONTABIL PL,,,,04,,,,,,,
8000070,ANALISTA CONTABIL SR,,,,04,,,,,,,
8000071,ANALISTA FISCAL JR,,252210,,04,,,,,,,
8000072,ANALISTA FISCAL PL,,252210,,04,,,,,,,
8000073,AUXILIAR CONTABIL,,,,04,,,,,,,
8000074,ANALISTA FISCAL SR,,252210,,04,,,,,,,
8000075,ANALISTA FINANCEIRO PL,,,,04,,,,,,,
8000076,COORDENADOR FINANCEIRO,,,,02,,,,,,,
8000077,ASSISTENTE FINANCEIRO,,,,04,,,,,,,
8000078,ANALISTA DE SISTEMA PL,,,,04,,,,,,,
8000079,ANALISTA DE SISTEMA SR,,,,04,,,,,,,
8000080,ANALISTA DE INFRA ESTRUTURA JR,,212420,,04,,,,,,,
8000081,ANALISTA DE INFRA ESTRUTURA PL,,212420,,04,,,,,,,
8000082,ANALISTA DE INFRA ESTRUTURA SR,,212420,,04,,,,,,,
8000083,AUXILIAR DE CONFORMACAO,,,,04,,,,,,,
8000084,AUXILIAR DE EXTRUSORA,,,,04,,,,,,,
8000085,COORDENADOR DE EXTRUSAO,,141205,,02,,,,,,,
8000086,LIDER DE EXTRUSAO,,811745,,04,,,,,,,
8000087,OPERADOR DE EXTRUSORA II,,811745,,04,,,,,,,
8000088,PREPARADOR DE MATERIA PRIMA II,,811745,,04,,,,,,,
8000089,COORDENADOR DE INJECAO,,,,02,,,,,,,
8000090,LIDER DE INJECAO,,811770,,04,,,,,,,
8000091,MONTADOR DE REGISTRO,,,,04,,,,,,,
8000092,OPERADOR GRANULADORA,,811745,,04,,,,,,,
8000093,OPERADOR DE INJETORA II,,811770,,04,,,,,,,
8000094,OPERADOR DE INJETORA III,,811770,,04,,,,,,,
8000095,AUXILIAR DE PRODUCAO   INJECAO,,,,04,,,,,,,
8000096,AUXILIAR DA MANUTENCAO MECANIC,,911305,,04,,,,,,,
8000097,COORDENADOR INDUSTRIAL,,,,02,,,,,,,
8000098,COORDENADOR DE MANUTENCAO,,950305,,02,,,,,,,
8000099,ELETRICISTA DE MANUTENCAO I,,951105,,04,,,,,,,
8000100,ELETRICISTA DE MANUTENCAO II,,951105,,04,,,,,,,
8000101,ELETRICISTA DE MANUTENCAO III,,,,04,,,,,,,
8000102,ELETRICISTA INSTALADOR,,,,04,,,,,,,
8000103,FERRAMENTEIRO II,,721105,,04,,,,,,,
  FPTA001.CAD  -  19/10/2025  -  11:00:12                                                KRONA TUBOS E CONEXOES LTDA                                                 Usu痙io: amanda.correa
0001,-,KRONA TUBOS E CONEXOES LTDA,P敬.:,  15
Cargo Reduzido
,Estrutura do Cargo
8000104,FERRAMENTEIRO III,,721105,,04,,,,,,,
8000105,FRESADOR MECANICO I   CONVENCI,,,,04,,,,,,,
8000106,FRESADOR MECANICO II   CONVENC,,,,04,,,,,,,
8000107,FRESADOR MECANICO III   CONVEN,,,,04,,,,,,,
8000108,MECANICO DE MANUTENCAO I,,911305,,04,,,,,,,
8000109,MECANICO DE MANUTENCAO II,,911305,,04,,,,,,,
8000110,MECANICO DE MANUTENCAO III,,,,04,,,,,,,
8000111,TECNICO DE PROCESSOS INDUSTRIA,,,,04,,,,,,,
8000112,TORNEIRO FERRAMENTEIRO II,,,,04,,,,,,,
8000113,TORNEIRO FERRAMENTEIRO III,,,,04,,,,,,,
8000114,SUPERVISOR REGIONAL DE VENDAS,,,,06,,,,,,,
8000115,ANALISTA DE PLANEJAMENTO ECON.,,,,04,,,,,,,
8000116,TEC PROJETOS IND.,,,,04,,,,,,,
8000117,LUBRIFICADOR,,919105,,04,,,,,,,
8000118,ANALISTA DE RECURSOS HUMANOS,,413105,,04,,,,,,,
8000119,MOTORISTA,,782510,,04,,,,,,,
8000120,TROCADOR DE MOLDES,,,,04,,,,,,,
8000121,LIDER DE MONTAGEM,,,,04,,,,,,,
8000122,AUXILIAR DE PRODUCAO ACE,,,,04,,,,,,,
8000123,MONTADOR DE ACESSORIOS I,,,,04,,,,,,,
8000124,MONTADOR DE ACESSORIOS II,,,,04,,,,,,,
8000125,DESENHISTA PROJETISTA,,,,04,,,,,,,
8000126,OP MAQUINA CNC I,,,,04,,,,,,,
8000127,TECNICO ELETROELETRONICO I,,313210,,04,,,,,,,
8000128,PROGRAMADOR DE PCP I,,,,04,,,,,,,
8000129,CONSULTOR DE INFORMATICA,,,,04,,,,,,,
8000130,ANALISTA DE MARKETING JR,,,,04,,,,,,,
8000131,RECEPCIONISTA TELEFONISTA,,,,04,,,,,,,
8000132,ENG. PROMOCAO E ASS. TECNICA,,,,04,,,,,,,
8000133,ASSISTENTE DE COMPRAS I,,411005,,04,,,,,,,
8000134,ANALISTA DE TRANSPORTES SR,,,,04,,,,,,,
8000135,ANALISTA DE TRANSPORTES PL,,,,04,,,,,,,
8000136,ANALISTA DE MARKETING PL,,,,04,,,,,,,
8000137,ANALISTA DE MARKETING SR,,,,04,,,,,,,
8000138,COMPRADOR PL,,,,04,,,,,,,
8000139,COMPRADOR SR,,,,04,,,,,,,
8000140,CONTROLADOR DE ESTOQUE,,,,04,,,,,,,
8000141,TECNICO DE INFORMATICA,,212420,,04,,,,,,,
8000142,PLANEJADOR DE MANUTENCAO I,,,,04,,,,,,,
8000143,ANALISTA DE RECURSOS FINANCEIR,,,,04,,,,,,,
8000144,LIDER DE FERRAMENTARIA,,721105,,04,,,,,,,
8000145,COORDENADOR DE MATERIA PRIMA,,,,02,,,,,,,
8000146,TECNICO CONTROLE DE QUALIDADE,,391210,,04,,,,,,,
8000147,ANALISTA DE INFRA ESTRUTURA SR,,,,04,,,,,,,
8000149,AUX DE MANUTENCAO ELETRICA,,951105,,04,,,,,,,
8000150,ASSISTENTE MARKETING,,,,04,,,,,,,
8000151,ASSISTENTE COMERCIAL I,,,,04,,,,,,,
8000152,ASSISTENTE DE LOGISTICA,,,,04,,,,,,,
8000153,AUXILIAR DE PRODUCAO,,784205,,04,,,,,,,
8000154,AUXILIAR DE PRODUCAO,,784205,,04,,,,,,,
8000155,AUXILIAR DE PRODUCAO,,,,04,,,,,,,
8000156,PREPARADOR DE MAQUINA,,,,04,,,,,,,
8000157,ALMOXARIFE I,,414105,,04,,,,,,,
8000158,ALMOXARIFE II,,414105,,04,,,,,,,
8000159,LIDER DE PRODUCAO,,,,04,,,,,,,
8000160,PREPARADOR DE MATERIA PRIMA II,,,,04,,,,,,,
8000161,PREPARADOR DE MATERIA PRIMA II,,811745,,04,,,,,,,
8000162,DESENHISTA PROJETISTA I,,,,04,,,,,,,
8000163,DESENHISTA PROJETISTA II,,,,04,,,,,,,
8000164,DESENHISTA PROJETISTA III,,,,04,,,,,,,
8000165,OP MAQUINA CNC II,,,,04,,,,,,,
8000166,PROGRAMADOR DE PCP II,,,,04,,,,,,,
8000167,ASSISTENTE DE COMPRAS II,,411005,,04,,,,,,,
8000168,PLANEJADOR DE MANUTENCAO II,,,,04,,,,,,,
8000169,ASSISTENTE FINANCEIRO I,,,,04,,,,,,,
8000170,ASSISTENTE FINANCEIRO II,,,,04,,,,,,,
  FPTA001.CAD  -  19/10/2025  -  11:00:12                                                KRONA TUBOS E CONEXOES LTDA                                                 Usu痙io: amanda.correa
0001,-,KRONA TUBOS E CONEXOES LTDA,P敬.:,  16
Cargo Reduzido
,Estrutura do Cargo
8000171,ANALISTA DE RECURSOS HUMANOS J,,,,04,,,,,,,
8000172,ANALISTA DE RECURSOS HUMANOS P,,,,04,,,,,,,
8000173,ANALISTA DE RECURSOS HUMANOS S,,,,04,,,,,,,
8000174,ANALISTA ESCRITA FISCAL SR,,,,04,,,,,,,
8000175,ANALISTA FINANCEIRO SR,,,,04,,,,,,,
8000176,ASSISTENTE ESCRITA FISCAL II,,413110,,04,,,,,,,
8000177,ASSISTENTE ESCRITA FISCAL I,,413110,,04,,,,,,,
8000178,PREPARADOR DE MATERIA PRIMA I,,811745,,04,,,,,,,
8000179,ASSISTENTE ADMINISTRATIVO,,,,04,,,,,,,
8000180,PREPARADOR DE MAQUINA I,,811770,,04,,,,,,,
8000181,DESENHISTA,,,,04,,,,,,,
8000182,ASSISTENTE COMERCIAL II,,,,04,,,,,,,
8000183,COORDENADOR ENG. DE FABRICA,,,,02,,,,,,,
8000184,ANALISTA DE EXPORTACAO,,,,04,,,,,,,
8000185,ASSISTENTE DE EXPORTACAO,,,,04,,,,,,,
8000186,TECNICO PROJETOS IND I,,,,04,,,,,,,
8000187,TECNICO PROJETOS IND II,,,,04,,,,,,,
8000188,TECNICO PROJETOS IND III,,,,04,,,,,,,
8000189,ANALISTA DE COBRANCA JR,,,,04,,,,,,,
8000190,TEC SEGURANCA TRABALHO I,,351605,,04,,,,,,,
8000191,ASSISTENTE DE CADASTRO,,,,04,,,,,,,
8000192,ASSISTENTE DE INFORMATICA,,,,04,,,,,,,
8000193,ANALISTA DE COBRANCA PL,,,,04,,,,,,,
8000194,ANALISTA DE COBRANCA SR,,,,04,,,,,,,
8000195,ANALISTA DE CREDITO JR,,,,04,,,,,,,
8000196,ANALISTA DE CREDITO PL,,,,04,,,,,,,
8000197,ANALISTA DE CREDITO SR,,,,04,,,,,,,
8000198,ESPECIALISTA EM PROJETOS,,,,03,,,,,,,
8000199,COORDENADOR DE VENDAS,,142305,,02,,,,,,,
8000200,MANUTENCISTA,,514225,,04,,,,,,,
8000201,PREPARADOR DE MATERIA PRIMA II,,,,04,,,,,,,
8000202,OPERADOR DE EMPILHADEIRA,,,,04,,,,,,,
8000203,ANALISTA DE RECURSOS FINANCEIR,,,,04,,,,,,,
8000204,ASSISTENTE DE RH II,,411010,,04,,,,,,,
8000205,PREPARADOR DE MATERIA PRIMA I,,811745,,04,,,,,,,
8000206,COORDENADOR CREDITO E COBRANCA,,,,02,,,,,,,
8000207,GERENTE DE CONTROLADORIA,,,,01,,,,,,,
8000208,GERENTE FINANCEIRO,,,,01,,,,,,,
8000209,GERENTE DE TI,,,,01,,,,,,,
8000210,COORDENADOR DE MARKETING,,,,02,,,,,,,
8000211,GERENTE DE ADM. VENDAS,,,,01,,,,,,,
8000212,GERENTE INDUSTRIAL,,141205,,01,,,,,,,
8000213,COORDENADOR MANUT FERRAMENTARI,,720115,,02,,,,,,,
8000214,LIDER DE MANUTENCAO,,950305,,04,,,,,,,
8000215,GERENTE DE PROCESSOS E PRODUTO,,,,01,,,,,,,
8000216,COORDENADOR DE EXPORTACAO,,,,02,,,,,,,
8000217,TEC PROCESSOS INDUSTRIAIS I,,311410,,04,,,,,,,
8000218,TEC PROCESSOS INDUSTRIAIS II,,311410,,04,,,,,,,
8000219,TEC PROCESSOS INDUSTRIAIS III,,,,04,,,,,,,
8000220,ANALISTA DE CUSTOS JR,,,,04,,,,,,,
8000222,LIMPADOR DE FILTRO,,,,04,,,,,,,
8000223,ENGENHEIRO DE PROJETOS,,,,04,,,,,,,
8000224,COORDENADOR DE TECNOLOGIA,,,,02,,,,,,,
8000225,COORDENADOR DE DESENVOLVIMENTO,,,,02,,,,,,,
8000226,LIDER DE ALMOXARIFADO,,410205,,04,,,,,,,
8000227,GERENTE DE SUPRIMENTOS,,,,01,,,,,,,
8000228,OPERADOR EXTRUSORA III,,811745,,04,,,,,,,
8000229,APRENDIZ,,,,04,,,,,,,
8000230,ASSISTENTE DE FATURAMENTO,,,,04,,,,,,,
8000231,GERENTE DE MARKETING,,,,01,,,,,,,
8000232,GERENTE REGIONAL DE VENDAS,,142315,,01,,,,,,,
8000233,COMPOSITOR DE PEDIDO,,414110,,04,,,,,,,
8000234,APRENDIZ   EXTRUSAO,,,,04,,,,,,,
8000235,APRENDIZ RH,,811770,,04,,,,,,,
8000236,APRENDIZ INJECAO,,411005,,04,,,,,,,
8000237,APRENDIZ FERRAMENTARIA,,,,04,,,,,,,
  FPTA001.CAD  -  19/10/2025  -  11:00:12                                                KRONA TUBOS E CONEXOES LTDA                                                 Usu痙io: amanda.correa
0001,-,KRONA TUBOS E CONEXOES LTDA,P敬.:,  17
Cargo Reduzido
,Estrutura do Cargo
8000238,APRENDIZ QUALIDADE,,811770,,04,,,,,,,
8000239,APRENDIZ LOGISTICA,,811770,,04,,,,,,,
8000240,OPERADOR FACILITADOR,,,,04,,,,,,,
8000241,ASSISTENTE CONTABIL,,,,04,,,,,,,
8000242,FRESADOR CNC I,,721410,,04,,,,,,,
8000243,FRESADOR CNC II,,721410,,04,,,,,,,
8000244,FRESADOR CNC III,,721410,,04,,,,,,,
8000245,ASSISTENTE ADMINISTRATIVO,,413110,,04,,,,,,,
8000246,GERENTE GERAL DE UNIDADE,,141205,,01,,,,,,,
8000247,OPERADOR DE EMPILHADEIRA,,,,04,,,,,,,
8000248,APRENDIZ FISCAL,,411005,,04,,,,,,,
8000249,DESENHISTA PROJETISTA II,,,,04,,,,,,,
8000250,APRENDIZ  SEG DO TRABALHO,,811770,,04,,,,,,,
8000251,APRENDIZ TI,,,,04,,,,,,,
80002515,PSICOLOGA,,251540,,04,,,,,,,
8000252,APRENDIZ COMERCIAL,,,,04,,,,,,,
8000253,APRENDIZ COMPRAS,,811770,,04,,,,,,,
8000254,APRENDIZ MANUTENCAO,,811770,,04,,,,,,,
8000255,COORDENADOR DE INJECAO,,141205,,02,,,,,,,
8000256,OPERADOR DE EMPILHADEIRA,,,,04,,,,,,,
8000257,PREPARADOR DE MAQUINA I,,,,04,,,,,,,
8000258,PREPARADOR DE MAQUINA II,,,,04,,,,,,,
8000259,ALMOXARIFE III,,,,04,,,,,,,
800026,OPERADOR DE EMPILHADEIRA,,,,04,,,,,,,
8000260,LIDER DE PRODUCAO,,,,04,,,,,,,
8000261,COORDENADOR DE MATERIA PRIMA,,,,02,,,,,,,
8000262,ASSISTENTE DE RH I,,,,04,,,,,,,
8000263,APRENDIZ   CRED E COBRANCA,,,,04,,,,,,,
8000264,PREPARADOR DE MATERIA PRIMA I,,,,04,,,,,,,
8000265,APRENDIZ INJECAO ACE,,,,04,,,,,,,
8000266,OPERADOR DE MAQUINA SOPRADORA,,,,04,,,,,,,
8000267,LIMPADOR DE FILTROS,,811745,,04,,,,,,,
8000268,OPERADOR DE EMPILHADEIRA,,,,04,,,,,,,
8000269,AUXILIAR ADMINISTRATIVO,,,,04,,,,,,,
8000270,ANALISTA DE PROJETOS IND,,314110,,04,,,,,,,
8000271,OPERADOR EMBALADEIRA I,,811770,,04,,,,,,,
8000272,APRENDIZ FINANCEIRO,,411005,,04,,,,,,,
8000273,RECEPCIONISTA TELEFONISTA,,422205,,04,,,,,,,
8000274,ANALISTA ADMINISTRATIVO,,252105,,04,,,,,,,
8000275,COORDENADOR DE LOGISTICA,,342305,,02,,,,,,,
8000276,PREPARADOR DE FERRAMENTAS,,811770,,04,,,,,,,
8000277,OPERADOR DE MOAGEM,,,,04,,,,,,,
8000278,OPERADOR DE MOAGEM,,,,04,,,,,,,
8000279,TECNICO ELETROELETRONICO II,,313210,,04,,,,,,,
8000280,COORDENADOR DE PRODUCAO,,141205,,02,,,,,,,
8000281,ASSISTENTE PLANEJ CONTROLE MAN,,391130,,04,,,,,,,
8000282,LIDER DE MATERIA PRIMA,,141205,,04,,,,,,,
8000298,OPERADOR DE MOAGEM,,,,04,,,,,,,
8000299,ASSISTENTE TECNICO DE PROCESSO,,,,04,,,,,,,
8000300,ASSISTENTE DE LOGISTICA,,342110,,04,,,,,,,
8000301,ASSISTENTE TECNICO DE MATERIA,,,,04,,,,,,,
8000302,ANALISTA DE PROJETOS JR,,,,04,,,,,,,
8000303,TEC PROCESSOS INDUSTRIAIS III,,311410,,04,,,,,,,
8000304,COORDENADOR DE FERRAMENTARIA,,720115,,02,,,,,,,
8000305,PINTOR INDUSTRIAL,,723315,,04,,,,,,,
8000306,ASSISTENTE DE RH I,,411010,,04,,,,,,,
8000307,ASSISTENTE ADM DA PRODUCAO,,811745,,04,,,,,,,
8000308,COORDENADOR INJECAO MAT. PRIMA,,141205,,02,,,,,,,
8000309,ESTAGIARIO T.I.,,,,05,,,,,,,
8000310,OPERADOR FACILITADOR,,811770,,04,,,,,,,
8000311,OPERADOR FACILITADOR,,811770,,04,,,,,,,
8000312,OPERADOR FACILITADOR,,811770,,04,,,,,,,
8000313,APRENDIZ ALMOXARIFADO,,811770,,04,,,,,,,
8000314,COORDENADOR INJECAO MAT. PRIMA,,141205,,02,,,,,,,
8000315,LIDER DA QUALIDADE,,391210,,04,,,,,,,
8000316,ESTAGIARIO COMPRAS,,,,05,,,,,,,
  FPTA001.CAD  -  19/10/2025  -  11:00:13                                                KRONA TUBOS E CONEXOES LTDA                                                 Usu痙io: amanda.correa
0001,-,KRONA TUBOS E CONEXOES LTDA,P敬.:,  18
Cargo Reduzido
,Estrutura do Cargo
8000317,TORNEIRO FERRAMENTEIRO,,721215,,04,,,,,,,
8000318,SUPERVISOR DE EXPEDICAO,,342305,,06,,,,,,,
8000319,ESTAGIARIO SEG. DO TRABALHO,,,,05,,,,,,,
8000320,TECNICO REFRIGERACAO,,862505,,04,,,,,,,
8000321,ANALISTA LEAN,,391120,,04,,,,,,,
8000322,ASSISTENTE ADMINISTRATIVO MANU,,391130,,04,,,,,,,
8000323,ELETRICISTA INSTALADOR,,715615,,04,,,,,,,
8000324,TORNEIRO CNC I,,721430,,04,,,,,,,
8000325,APRENDIZ MATERIAIS,,411005,,04,,,,,,,
8000326,APRENDIZ EXTRUSAO,,811770,,04,,,,,,,
8000327,APRENDIZ FERRAMENTARIA,,811770,,04,,,,,,,
8000328,APRENDIZ ENGENHARIA,,811770,,04,,,,,,,
8000329,ANALISTA DE MATERIAIS PL,,391135,,04,,,,,,,
8000330,OPERADOR DE EMPILHADEIRA,,782220,,04,,,,,,,
8000331,ASSISTENTE DE LOGISTICA,,342110,,04,,,,,,,
8000332,TECNICO REC MATERIAIS I,,391205,,04,,,,,,,
8000333,LIDER DE MANUTENCAO,,950305,,04,,,,,,,
8000334,ANALISTA PROJETOS JR,,314110,,04,,,,,,,
8000335,ANALISTA PROJETOS PL,,314110,,04,,,,,,,
8000336,CALDEIREIRO,,724410,,04,,,,,,,
8000337,ANALISTA DE RH JR,,252405,,04,,,,,,,
8000338,ANALISTA DE RH PL,,252405,,04,,,,,,,
8000339,ASSISTENTE ADMINISTRATIVO,,411010,,04,,,,,,,
8000440,OPERADOR CNC I,,721430,,04,,,,,,,
8000441,ANALISTA LEAN JR,,391120,,04,,,,,,,
8000442,ANALISTA LEAN PL,,391120,,04,,,,,,,
8000443,ANALISTA LEAN SR,,391120,,04,,,,,,,
8000444,PSICOLOGO,,251540,,04,,,,,,,
8000445,CONFEITEIRO,,848310,,04,,,,,,,
8000446,MOTORISTA,,782410,,04,,,,,,,
8000447,PAPAI NOEL,,371410,,04,,,,,,,
8000448,ASSISTENTE DE CONTROLADORIA,,252210,,04,,,,,,,
8000449,LIDER DE FERRAMENTARIA,,721105,,04,,,,,,,
8000450,APRENDIZ MANUTENCAO,,811770,,04,,,,,,,
8000451,COORDENADORFERRAMENTARIA MANUT,,910130,,02,,,,,,,
800051,ESTAGIARIO,,,,05,,,,,,,
800052,ARQUITETO,,214110,,04,,,,,,,
800053,DESIGNER,,262410,,04,,,,,,,
80008483,CONFEITEIRO,,848310,,04,,,,,,,
8001,PREPARADOR DE GOLEIRO,,,,04,,,,,,,
8002,SUPERVISOR,,,,04,,,,,,,
8003,PREPARADOR FISICO,,,,04,,,,,,,
8004,FISIOTERAPEUTA,,,,04,,,,,,,
8005,MORDOMO   ASSISTENTE,,,,04,,,,,,,
8006,ASSESSOR DE IMPRENSA,,,,04,,,,,,,
8007,MASSAGISTA,,,,04,,,,,,,
8008,AUXILIAR TECNICO,,,,04,,,,,,,
981,T텎NICO DE ENFERMAGEM,07210,,,04,,,,,,,
999,TERCEIROS,,354820,,04,,,,,,,
9999,MIGRACAO,,,,04,,,,,,,
  FPTA001.CAD  -  19/10/2025  -  11:00:13                                                KRONA TUBOS E CONEXOES LTDA                                                 Usu痙io: amanda.correa
